time, flow
1997-01-01,886.1290323
1997-01-02,886.1290323
1997-01-03,886.1290323
1997-01-04,886.1290323
1997-01-05,886.1290323
1997-01-06,886.1290323
1997-01-07,886.1290323
1997-01-08,886.1290323
1997-01-09,886.1290323
1997-01-10,886.1290323
1997-01-11,886.1290323
1997-01-12,886.1290323
1997-01-13,886.1290323
1997-01-14,886.1290323
1997-01-15,886.1290323
1997-01-16,886.1290323
1997-01-17,886.1290323
1997-01-18,886.1290323
1997-01-19,886.1290323
1997-01-20,886.1290323
1997-01-21,886.1290323
1997-01-22,886.1290323
1997-01-23,886.1290323
1997-01-24,886.1290323
1997-01-25,886.1290323
1997-01-26,886.1290323
1997-01-27,886.1290323
1997-01-28,886.1290323
1997-01-29,886.1290323
1997-01-30,886.1290323
1997-01-31,886.1290323
1997-02-01,416.4285714
1997-02-02,416.4285714
1997-02-03,416.4285714
1997-02-04,416.4285714
1997-02-05,416.4285714
1997-02-06,416.4285714
1997-02-07,416.4285714
1997-02-08,416.4285714
1997-02-09,416.4285714
1997-02-10,416.4285714
1997-02-11,416.4285714
1997-02-12,416.4285714
1997-02-13,416.4285714
1997-02-14,416.4285714
1997-02-15,416.4285714
1997-02-16,416.4285714
1997-02-17,416.4285714
1997-02-18,416.4285714
1997-02-19,416.4285714
1997-02-20,416.4285714
1997-02-21,416.4285714
1997-02-22,416.4285714
1997-02-23,416.4285714
1997-02-24,416.4285714
1997-02-25,416.4285714
1997-02-26,416.4285714
1997-02-27,416.4285714
1997-02-28,416.4285714
1997-03-01,792.9032258
1997-03-02,792.9032258
1997-03-03,792.9032258
1997-03-04,792.9032258
1997-03-05,792.9032258
1997-03-06,792.9032258
1997-03-07,792.9032258
1997-03-08,792.9032258
1997-03-09,792.9032258
1997-03-10,792.9032258
1997-03-11,792.9032258
1997-03-12,792.9032258
1997-03-13,792.9032258
1997-03-14,792.9032258
1997-03-15,792.9032258
1997-03-16,792.9032258
1997-03-17,792.9032258
1997-03-18,792.9032258
1997-03-19,792.9032258
1997-03-20,792.9032258
1997-03-21,792.9032258
1997-03-22,792.9032258
1997-03-23,792.9032258
1997-03-24,792.9032258
1997-03-25,792.9032258
1997-03-26,792.9032258
1997-03-27,792.9032258
1997-03-28,792.9032258
1997-03-29,792.9032258
1997-03-30,792.9032258
1997-03-31,792.9032258
1997-04-01,1234.666667
1997-04-02,1234.666667
1997-04-03,1234.666667
1997-04-04,1234.666667
1997-04-05,1234.666667
1997-04-06,1234.666667
1997-04-07,1234.666667
1997-04-08,1234.666667
1997-04-09,1234.666667
1997-04-10,1234.666667
1997-04-11,1234.666667
1997-04-12,1234.666667
1997-04-13,1234.666667
1997-04-14,1234.666667
1997-04-15,1234.666667
1997-04-16,1234.666667
1997-04-17,1234.666667
1997-04-18,1234.666667
1997-04-19,1234.666667
1997-04-20,1234.666667
1997-04-21,1234.666667
1997-04-22,1234.666667
1997-04-23,1234.666667
1997-04-24,1234.666667
1997-04-25,1234.666667
1997-04-26,1234.666667
1997-04-27,1234.666667
1997-04-28,1234.666667
1997-04-29,1234.666667
1997-04-30,1234.666667
1997-05-01,1331.612903
1997-05-02,1331.612903
1997-05-03,1331.612903
1997-05-04,1331.612903
1997-05-05,1331.612903
1997-05-06,1331.612903
1997-05-07,1331.612903
1997-05-08,1331.612903
1997-05-09,1331.612903
1997-05-10,1331.612903
1997-05-11,1331.612903
1997-05-12,1331.612903
1997-05-13,1331.612903
1997-05-14,1331.612903
1997-05-15,1331.612903
1997-05-16,1331.612903
1997-05-17,1331.612903
1997-05-18,1331.612903
1997-05-19,1331.612903
1997-05-20,1331.612903
1997-05-21,1331.612903
1997-05-22,1331.612903
1997-05-23,1331.612903
1997-05-24,1331.612903
1997-05-25,1331.612903
1997-05-26,1331.612903
1997-05-27,1331.612903
1997-05-28,1331.612903
1997-05-29,1331.612903
1997-05-30,1331.612903
1997-05-31,1331.612903
1997-06-01,1946
1997-06-02,1946
1997-06-03,1946
1997-06-04,1946
1997-06-05,1946
1997-06-06,1946
1997-06-07,1946
1997-06-08,1946
1997-06-09,1946
1997-06-10,1946
1997-06-11,1946
1997-06-12,1946
1997-06-13,1946
1997-06-14,1946
1997-06-15,1946
1997-06-16,1946
1997-06-17,1946
1997-06-18,1946
1997-06-19,1946
1997-06-20,1946
1997-06-21,1946
1997-06-22,1946
1997-06-23,1946
1997-06-24,1946
1997-06-25,1946
1997-06-26,1946
1997-06-27,1946
1997-06-28,1946
1997-06-29,1946
1997-06-30,1946
1997-07-01,1947.741936
1997-07-02,1947.741936
1997-07-03,1947.741936
1997-07-04,1947.741936
1997-07-05,1947.741936
1997-07-06,1947.741936
1997-07-07,1947.741936
1997-07-08,1947.741936
1997-07-09,1947.741936
1997-07-10,1947.741936
1997-07-11,1947.741936
1997-07-12,1947.741936
1997-07-13,1947.741936
1997-07-14,1947.741936
1997-07-15,1947.741936
1997-07-16,1947.741936
1997-07-17,1947.741936
1997-07-18,1947.741936
1997-07-19,1947.741936
1997-07-20,1947.741936
1997-07-21,1947.741936
1997-07-22,1947.741936
1997-07-23,1947.741936
1997-07-24,1947.741936
1997-07-25,1947.741936
1997-07-26,1947.741936
1997-07-27,1947.741936
1997-07-28,1947.741936
1997-07-29,1947.741936
1997-07-30,1947.741936
1997-07-31,1947.741936
1997-08-01,1956.451612
1997-08-02,1956.451612
1997-08-03,1956.451612
1997-08-04,1956.451612
1997-08-05,1956.451612
1997-08-06,1956.451612
1997-08-07,1956.451612
1997-08-08,1956.451612
1997-08-09,1956.451612
1997-08-10,1956.451612
1997-08-11,1956.451612
1997-08-12,1956.451612
1997-08-13,1956.451612
1997-08-14,1956.451612
1997-08-15,1956.451612
1997-08-16,1956.451612
1997-08-17,1956.451612
1997-08-18,1956.451612
1997-08-19,1956.451612
1997-08-20,1956.451612
1997-08-21,1956.451612
1997-08-22,1956.451612
1997-08-23,1956.451612
1997-08-24,1956.451612
1997-08-25,1956.451612
1997-08-26,1956.451612
1997-08-27,1956.451612
1997-08-28,1956.451612
1997-08-29,1956.451612
1997-08-30,1956.451612
1997-08-31,1956.451612
1997-09-01,1729.666667
1997-09-02,1729.666667
1997-09-03,1729.666667
1997-09-04,1729.666667
1997-09-05,1729.666667
1997-09-06,1729.666667
1997-09-07,1729.666667
1997-09-08,1729.666667
1997-09-09,1729.666667
1997-09-10,1729.666667
1997-09-11,1729.666667
1997-09-12,1729.666667
1997-09-13,1729.666667
1997-09-14,1729.666667
1997-09-15,1729.666667
1997-09-16,1729.666667
1997-09-17,1729.666667
1997-09-18,1729.666667
1997-09-19,1729.666667
1997-09-20,1729.666667
1997-09-21,1729.666667
1997-09-22,1729.666667
1997-09-23,1729.666667
1997-09-24,1729.666667
1997-09-25,1729.666667
1997-09-26,1729.666667
1997-09-27,1729.666667
1997-09-28,1729.666667
1997-09-29,1729.666667
1997-09-30,1729.666667
1997-10-01,1596.129032
1997-10-02,1596.129032
1997-10-03,1596.129032
1997-10-04,1596.129032
1997-10-05,1596.129032
1997-10-06,1596.129032
1997-10-07,1596.129032
1997-10-08,1596.129032
1997-10-09,1596.129032
1997-10-10,1596.129032
1997-10-11,1596.129032
1997-10-12,1596.129032
1997-10-13,1596.129032
1997-10-14,1596.129032
1997-10-15,1596.129032
1997-10-16,1596.129032
1997-10-17,1596.129032
1997-10-18,1596.129032
1997-10-19,1596.129032
1997-10-20,1596.129032
1997-10-21,1596.129032
1997-10-22,1596.129032
1997-10-23,1596.129032
1997-10-24,1596.129032
1997-10-25,1596.129032
1997-10-26,1596.129032
1997-10-27,1596.129032
1997-10-28,1596.129032
1997-10-29,1596.129032
1997-10-30,1596.129032
1997-10-31,1596.129032
1997-11-01,1240
1997-11-02,1240
1997-11-03,1240
1997-11-04,1240
1997-11-05,1240
1997-11-06,1240
1997-11-07,1240
1997-11-08,1240
1997-11-09,1240
1997-11-10,1240
1997-11-11,1240
1997-11-12,1240
1997-11-13,1240
1997-11-14,1240
1997-11-15,1240
1997-11-16,1240
1997-11-17,1240
1997-11-18,1240
1997-11-19,1240
1997-11-20,1240
1997-11-21,1240
1997-11-22,1240
1997-11-23,1240
1997-11-24,1240
1997-11-25,1240
1997-11-26,1240
1997-11-27,1240
1997-11-28,1240
1997-11-29,1240
1997-11-30,1240
1997-12-01,1161.935484
1997-12-02,1161.935484
1997-12-03,1161.935484
1997-12-04,1161.935484
1997-12-05,1161.935484
1997-12-06,1161.935484
1997-12-07,1161.935484
1997-12-08,1161.935484
1997-12-09,1161.935484
1997-12-10,1161.935484
1997-12-11,1161.935484
1997-12-12,1161.935484
1997-12-13,1161.935484
1997-12-14,1161.935484
1997-12-15,1161.935484
1997-12-16,1161.935484
1997-12-17,1161.935484
1997-12-18,1161.935484
1997-12-19,1161.935484
1997-12-20,1161.935484
1997-12-21,1161.935484
1997-12-22,1161.935484
1997-12-23,1161.935484
1997-12-24,1161.935484
1997-12-25,1161.935484
1997-12-26,1161.935484
1997-12-27,1161.935484
1997-12-28,1161.935484
1997-12-29,1161.935484
1997-12-30,1161.935484
1997-12-31,1161.935484
1998-01-01,1044.838709
1998-01-02,1044.838709
1998-01-03,1044.838709
1998-01-04,1044.838709
1998-01-05,1044.838709
1998-01-06,1044.838709
1998-01-07,1044.838709
1998-01-08,1044.838709
1998-01-09,1044.838709
1998-01-10,1044.838709
1998-01-11,1044.838709
1998-01-12,1044.838709
1998-01-13,1044.838709
1998-01-14,1044.838709
1998-01-15,1044.838709
1998-01-16,1044.838709
1998-01-17,1044.838709
1998-01-18,1044.838709
1998-01-19,1044.838709
1998-01-20,1044.838709
1998-01-21,1044.838709
1998-01-22,1044.838709
1998-01-23,1044.838709
1998-01-24,1044.838709
1998-01-25,1044.838709
1998-01-26,1044.838709
1998-01-27,1044.838709
1998-01-28,1044.838709
1998-01-29,1044.838709
1998-01-30,1044.838709
1998-01-31,1044.838709
1998-02-01,1125.357143
1998-02-02,1125.357143
1998-02-03,1125.357143
1998-02-04,1125.357143
1998-02-05,1125.357143
1998-02-06,1125.357143
1998-02-07,1125.357143
1998-02-08,1125.357143
1998-02-09,1125.357143
1998-02-10,1125.357143
1998-02-11,1125.357143
1998-02-12,1125.357143
1998-02-13,1125.357143
1998-02-14,1125.357143
1998-02-15,1125.357143
1998-02-16,1125.357143
1998-02-17,1125.357143
1998-02-18,1125.357143
1998-02-19,1125.357143
1998-02-20,1125.357143
1998-02-21,1125.357143
1998-02-22,1125.357143
1998-02-23,1125.357143
1998-02-24,1125.357143
1998-02-25,1125.357143
1998-02-26,1125.357143
1998-02-27,1125.357143
1998-02-28,1125.357143
1998-03-01,438.7096775
1998-03-02,438.7096775
1998-03-03,438.7096775
1998-03-04,438.7096775
1998-03-05,438.7096775
1998-03-06,438.7096775
1998-03-07,438.7096775
1998-03-08,438.7096775
1998-03-09,438.7096775
1998-03-10,438.7096775
1998-03-11,438.7096775
1998-03-12,438.7096775
1998-03-13,438.7096775
1998-03-14,438.7096775
1998-03-15,438.7096775
1998-03-16,438.7096775
1998-03-17,438.7096775
1998-03-18,438.7096775
1998-03-19,438.7096775
1998-03-20,438.7096775
1998-03-21,438.7096775
1998-03-22,438.7096775
1998-03-23,438.7096775
1998-03-24,438.7096775
1998-03-25,438.7096775
1998-03-26,438.7096775
1998-03-27,438.7096775
1998-03-28,438.7096775
1998-03-29,438.7096775
1998-03-30,438.7096775
1998-03-31,438.7096775
1998-04-01,1009
1998-04-02,1009
1998-04-03,1009
1998-04-04,1009
1998-04-05,1009
1998-04-06,1009
1998-04-07,1009
1998-04-08,1009
1998-04-09,1009
1998-04-10,1009
1998-04-11,1009
1998-04-12,1009
1998-04-13,1009
1998-04-14,1009
1998-04-15,1009
1998-04-16,1009
1998-04-17,1009
1998-04-18,1009
1998-04-19,1009
1998-04-20,1009
1998-04-21,1009
1998-04-22,1009
1998-04-23,1009
1998-04-24,1009
1998-04-25,1009
1998-04-26,1009
1998-04-27,1009
1998-04-28,1009
1998-04-29,1009
1998-04-30,1009
1998-05-01,1498.064516
1998-05-02,1498.064516
1998-05-03,1498.064516
1998-05-04,1498.064516
1998-05-05,1498.064516
1998-05-06,1498.064516
1998-05-07,1498.064516
1998-05-08,1498.064516
1998-05-09,1498.064516
1998-05-10,1498.064516
1998-05-11,1498.064516
1998-05-12,1498.064516
1998-05-13,1498.064516
1998-05-14,1498.064516
1998-05-15,1498.064516
1998-05-16,1498.064516
1998-05-17,1498.064516
1998-05-18,1498.064516
1998-05-19,1498.064516
1998-05-20,1498.064516
1998-05-21,1498.064516
1998-05-22,1498.064516
1998-05-23,1498.064516
1998-05-24,1498.064516
1998-05-25,1498.064516
1998-05-26,1498.064516
1998-05-27,1498.064516
1998-05-28,1498.064516
1998-05-29,1498.064516
1998-05-30,1498.064516
1998-05-31,1498.064516
1998-06-01,1954
1998-06-02,1954
1998-06-03,1954
1998-06-04,1954
1998-06-05,1954
1998-06-06,1954
1998-06-07,1954
1998-06-08,1954
1998-06-09,1954
1998-06-10,1954
1998-06-11,1954
1998-06-12,1954
1998-06-13,1954
1998-06-14,1954
1998-06-15,1954
1998-06-16,1954
1998-06-17,1954
1998-06-18,1954
1998-06-19,1954
1998-06-20,1954
1998-06-21,1954
1998-06-22,1954
1998-06-23,1954
1998-06-24,1954
1998-06-25,1954
1998-06-26,1954
1998-06-27,1954
1998-06-28,1954
1998-06-29,1954
1998-06-30,1954
1998-07-01,1975.806452
1998-07-02,1975.806452
1998-07-03,1975.806452
1998-07-04,1975.806452
1998-07-05,1975.806452
1998-07-06,1975.806452
1998-07-07,1975.806452
1998-07-08,1975.806452
1998-07-09,1975.806452
1998-07-10,1975.806452
1998-07-11,1975.806452
1998-07-12,1975.806452
1998-07-13,1975.806452
1998-07-14,1975.806452
1998-07-15,1975.806452
1998-07-16,1975.806452
1998-07-17,1975.806452
1998-07-18,1975.806452
1998-07-19,1975.806452
1998-07-20,1975.806452
1998-07-21,1975.806452
1998-07-22,1975.806452
1998-07-23,1975.806452
1998-07-24,1975.806452
1998-07-25,1975.806452
1998-07-26,1975.806452
1998-07-27,1975.806452
1998-07-28,1975.806452
1998-07-29,1975.806452
1998-07-30,1975.806452
1998-07-31,1975.806452
1998-08-01,1992.580646
1998-08-02,1992.580646
1998-08-03,1992.580646
1998-08-04,1992.580646
1998-08-05,1992.580646
1998-08-06,1992.580646
1998-08-07,1992.580646
1998-08-08,1992.580646
1998-08-09,1992.580646
1998-08-10,1992.580646
1998-08-11,1992.580646
1998-08-12,1992.580646
1998-08-13,1992.580646
1998-08-14,1992.580646
1998-08-15,1992.580646
1998-08-16,1992.580646
1998-08-17,1992.580646
1998-08-18,1992.580646
1998-08-19,1992.580646
1998-08-20,1992.580646
1998-08-21,1992.580646
1998-08-22,1992.580646
1998-08-23,1992.580646
1998-08-24,1992.580646
1998-08-25,1992.580646
1998-08-26,1992.580646
1998-08-27,1992.580646
1998-08-28,1992.580646
1998-08-29,1992.580646
1998-08-30,1992.580646
1998-08-31,1992.580646
1998-09-01,1867.333333
1998-09-02,1867.333333
1998-09-03,1867.333333
1998-09-04,1867.333333
1998-09-05,1867.333333
1998-09-06,1867.333333
1998-09-07,1867.333333
1998-09-08,1867.333333
1998-09-09,1867.333333
1998-09-10,1867.333333
1998-09-11,1867.333333
1998-09-12,1867.333333
1998-09-13,1867.333333
1998-09-14,1867.333333
1998-09-15,1867.333333
1998-09-16,1867.333333
1998-09-17,1867.333333
1998-09-18,1867.333333
1998-09-19,1867.333333
1998-09-20,1867.333333
1998-09-21,1867.333333
1998-09-22,1867.333333
1998-09-23,1867.333333
1998-09-24,1867.333333
1998-09-25,1867.333333
1998-09-26,1867.333333
1998-09-27,1867.333333
1998-09-28,1867.333333
1998-09-29,1867.333333
1998-09-30,1522.580645
1998-10-01,1522.580645
1998-10-02,1522.580645
1998-10-03,1522.580645
1998-10-04,1522.580645
1998-10-05,1522.580645
1998-10-06,1522.580645
1998-10-07,1522.580645
1998-10-08,1522.580645
1998-10-09,1522.580645
1998-10-10,1522.580645
1998-10-11,1522.580645
1998-10-12,1522.580645
1998-10-13,1522.580645
1998-10-14,1522.580645
1998-10-15,1522.580645
1998-10-16,1522.580645
1998-10-17,1522.580645
1998-10-18,1522.580645
1998-10-19,1522.580645
1998-10-20,1522.580645
1998-10-21,1522.580645
1998-10-22,1522.580645
1998-10-23,1522.580645
1998-10-24,1522.580645
1998-10-25,1522.580645
1998-10-26,1522.580645
1998-10-27,1522.580645
1998-10-28,1522.580645
1998-10-29,1522.580645
1998-10-30,1522.580645
1998-10-31,1522.580645
1998-11-01,1346.666667
1998-11-02,1346.666667
1998-11-03,1346.666667
1998-11-04,1346.666667
1998-11-05,1346.666667
1998-11-06,1346.666667
1998-11-07,1346.666667
1998-11-08,1346.666667
1998-11-09,1346.666667
1998-11-10,1346.666667
1998-11-11,1346.666667
1998-11-12,1346.666667
1998-11-13,1346.666667
1998-11-14,1346.666667
1998-11-15,1346.666667
1998-11-16,1346.666667
1998-11-17,1346.666667
1998-11-18,1346.666667
1998-11-19,1346.666667
1998-11-20,1346.666667
1998-11-21,1346.666667
1998-11-22,1346.666667
1998-11-23,1346.666667
1998-11-24,1346.666667
1998-11-25,1346.666667
1998-11-26,1346.666667
1998-11-27,1346.666667
1998-11-28,1346.666667
1998-11-29,1346.666667
1998-11-30,1346.666667
1998-12-01,564.5161291
1998-12-02,564.5161291
1998-12-03,564.5161291
1998-12-04,564.5161291
1998-12-05,564.5161291
1998-12-06,564.5161291
1998-12-07,564.5161291
1998-12-08,564.5161291
1998-12-09,564.5161291
1998-12-10,564.5161291
1998-12-11,564.5161291
1998-12-12,564.5161291
1998-12-13,564.5161291
1998-12-14,564.5161291
1998-12-15,564.5161291
1998-12-16,564.5161291
1998-12-17,564.5161291
1998-12-18,564.5161291
1998-12-19,564.5161291
1998-12-20,564.5161291
1998-12-21,564.5161291
1998-12-22,564.5161291
1998-12-23,564.5161291
1998-12-24,564.5161291
1998-12-25,564.5161291
1998-12-26,564.5161291
1998-12-27,564.5161291
1998-12-28,564.5161291
1998-12-29,564.5161291
1998-12-30,564.5161291
1998-12-31,564.5161291
1999-01-01,358.0645161
1999-01-02,358.0645161
1999-01-03,358.0645161
1999-01-04,358.0645161
1999-01-05,358.0645161
1999-01-06,358.0645161
1999-01-07,358.0645161
1999-01-08,358.0645161
1999-01-09,358.0645161
1999-01-10,358.0645161
1999-01-11,358.0645161
1999-01-12,358.0645161
1999-01-13,358.0645161
1999-01-14,358.0645161
1999-01-15,358.0645161
1999-01-16,358.0645161
1999-01-17,358.0645161
1999-01-18,358.0645161
1999-01-19,358.0645161
1999-01-20,358.0645161
1999-01-21,358.0645161
1999-01-22,358.0645161
1999-01-23,358.0645161
1999-01-24,358.0645161
1999-01-25,358.0645161
1999-01-26,358.0645161
1999-01-27,358.0645161
1999-01-28,358.0645161
1999-01-29,358.0645161
1999-01-30,358.0645161
1999-01-31,358.0645161
1999-02-01,153.5714286
1999-02-02,153.5714286
1999-02-03,153.5714286
1999-02-04,153.5714286
1999-02-05,153.5714286
1999-02-06,153.5714286
1999-02-07,153.5714286
1999-02-08,153.5714286
1999-02-09,153.5714286
1999-02-10,153.5714286
1999-02-11,153.5714286
1999-02-12,153.5714286
1999-02-13,153.5714286
1999-02-14,153.5714286
1999-02-15,153.5714286
1999-02-16,153.5714286
1999-02-17,153.5714286
1999-02-18,153.5714286
1999-02-19,153.5714286
1999-02-20,153.5714286
1999-02-21,153.5714286
1999-02-22,153.5714286
1999-02-23,153.5714286
1999-02-24,153.5714286
1999-02-25,153.5714286
1999-02-26,153.5714286
1999-02-27,153.5714286
1999-02-28,153.5714286
1999-03-01,445.1612904
1999-03-02,445.1612904
1999-03-03,445.1612904
1999-03-04,445.1612904
1999-03-05,445.1612904
1999-03-06,445.1612904
1999-03-07,445.1612904
1999-03-08,445.1612904
1999-03-09,445.1612904
1999-03-10,445.1612904
1999-03-11,445.1612904
1999-03-12,445.1612904
1999-03-13,445.1612904
1999-03-14,445.1612904
1999-03-15,445.1612904
1999-03-16,445.1612904
1999-03-17,445.1612904
1999-03-18,445.1612904
1999-03-19,445.1612904
1999-03-20,445.1612904
1999-03-21,445.1612904
1999-03-22,445.1612904
1999-03-23,445.1612904
1999-03-24,445.1612904
1999-03-25,445.1612904
1999-03-26,445.1612904
1999-03-27,445.1612904
1999-03-28,445.1612904
1999-03-29,445.1612904
1999-03-30,445.1612904
1999-03-31,445.1612904
1999-04-01,343.3333334
1999-04-02,343.3333334
1999-04-03,343.3333334
1999-04-04,343.3333334
1999-04-05,343.3333334
1999-04-06,343.3333334
1999-04-07,343.3333334
1999-04-08,343.3333334
1999-04-09,343.3333334
1999-04-10,343.3333334
1999-04-11,343.3333334
1999-04-12,343.3333334
1999-04-13,343.3333334
1999-04-14,343.3333334
1999-04-15,343.3333334
1999-04-16,343.3333334
1999-04-17,343.3333334
1999-04-18,343.3333334
1999-04-19,343.3333334
1999-04-20,343.3333334
1999-04-21,343.3333334
1999-04-22,343.3333334
1999-04-23,343.3333334
1999-04-24,343.3333334
1999-04-25,343.3333334
1999-04-26,343.3333334
1999-04-27,343.3333334
1999-04-28,343.3333334
1999-04-29,343.3333334
1999-04-30,343.3333334
1999-05-01,687.0967742
1999-05-02,687.0967742
1999-05-03,687.0967742
1999-05-04,687.0967742
1999-05-05,687.0967742
1999-05-06,687.0967742
1999-05-07,687.0967742
1999-05-08,687.0967742
1999-05-09,687.0967742
1999-05-10,687.0967742
1999-05-11,687.0967742
1999-05-12,687.0967742
1999-05-13,687.0967742
1999-05-14,687.0967742
1999-05-15,687.0967742
1999-05-16,687.0967742
1999-05-17,687.0967742
1999-05-18,687.0967742
1999-05-19,687.0967742
1999-05-20,687.0967742
1999-05-21,687.0967742
1999-05-22,687.0967742
1999-05-23,687.0967742
1999-05-24,687.0967742
1999-05-25,687.0967742
1999-05-26,687.0967742
1999-05-27,687.0967742
1999-05-28,687.0967742
1999-05-29,687.0967742
1999-05-30,687.0967742
1999-05-31,687.0967742
1999-06-01,796.6666667
1999-06-02,796.6666667
1999-06-03,796.6666667
1999-06-04,796.6666667
1999-06-05,796.6666667
1999-06-06,796.6666667
1999-06-07,796.6666667
1999-06-08,796.6666667
1999-06-09,796.6666667
1999-06-10,796.6666667
1999-06-11,796.6666667
1999-06-12,796.6666667
1999-06-13,796.6666667
1999-06-14,796.6666667
1999-06-15,796.6666667
1999-06-16,796.6666667
1999-06-17,796.6666667
1999-06-18,796.6666667
1999-06-19,796.6666667
1999-06-20,796.6666667
1999-06-21,796.6666667
1999-06-22,796.6666667
1999-06-23,796.6666667
1999-06-24,796.6666667
1999-06-25,796.6666667
1999-06-26,796.6666667
1999-06-27,796.6666667
1999-06-28,796.6666667
1999-06-29,796.6666667
1999-06-30,796.6666667
1999-07-01,877.4193549
1999-07-02,877.4193549
1999-07-03,877.4193549
1999-07-04,877.4193549
1999-07-05,877.4193549
1999-07-06,877.4193549
1999-07-07,877.4193549
1999-07-08,877.4193549
1999-07-09,877.4193549
1999-07-10,877.4193549
1999-07-11,877.4193549
1999-07-12,877.4193549
1999-07-13,877.4193549
1999-07-14,877.4193549
1999-07-15,877.4193549
1999-07-16,877.4193549
1999-07-17,877.4193549
1999-07-18,877.4193549
1999-07-19,877.4193549
1999-07-20,877.4193549
1999-07-21,877.4193549
1999-07-22,877.4193549
1999-07-23,877.4193549
1999-07-24,877.4193549
1999-07-25,877.4193549
1999-07-26,877.4193549
1999-07-27,877.4193549
1999-07-28,877.4193549
1999-07-29,877.4193549
1999-07-30,877.4193549
1999-07-31,877.4193549
1999-08-01,945.1612904
1999-08-02,945.1612904
1999-08-03,945.1612904
1999-08-04,945.1612904
1999-08-05,945.1612904
1999-08-06,945.1612904
1999-08-07,945.1612904
1999-08-08,945.1612904
1999-08-09,945.1612904
1999-08-10,945.1612904
1999-08-11,945.1612904
1999-08-12,945.1612904
1999-08-13,945.1612904
1999-08-14,945.1612904
1999-08-15,945.1612904
1999-08-16,945.1612904
1999-08-17,945.1612904
1999-08-18,945.1612904
1999-08-19,945.1612904
1999-08-20,945.1612904
1999-08-21,945.1612904
1999-08-22,945.1612904
1999-08-23,945.1612904
1999-08-24,945.1612904
1999-08-25,945.1612904
1999-08-26,945.1612904
1999-08-27,945.1612904
1999-08-28,945.1612904
1999-08-29,945.1612904
1999-08-30,945.1612904
1999-08-31,945.1612904
1999-09-01,713.3333333
1999-09-02,713.3333333
1999-09-03,713.3333333
1999-09-04,713.3333333
1999-09-05,713.3333333
1999-09-06,713.3333333
1999-09-07,713.3333333
1999-09-08,713.3333333
1999-09-09,713.3333333
1999-09-10,713.3333333
1999-09-11,713.3333333
1999-09-12,713.3333333
1999-09-13,713.3333333
1999-09-14,713.3333333
1999-09-15,713.3333333
1999-09-16,713.3333333
1999-09-17,713.3333333
1999-09-18,713.3333333
1999-09-19,713.3333333
1999-09-20,713.3333333
1999-09-21,713.3333333
1999-09-22,713.3333333
1999-09-23,713.3333333
1999-09-24,713.3333333
1999-09-25,713.3333333
1999-09-26,713.3333333
1999-09-27,713.3333333
1999-09-28,713.3333333
1999-09-29,713.3333333
1999-09-30,713.3333333
1999-10-01,564.5161291
1999-10-02,564.5161291
1999-10-03,564.5161291
1999-10-04,564.5161291
1999-10-05,564.5161291
1999-10-06,564.5161291
1999-10-07,564.5161291
1999-10-08,564.5161291
1999-10-09,564.5161291
1999-10-10,564.5161291
1999-10-11,564.5161291
1999-10-12,564.5161291
1999-10-13,564.5161291
1999-10-14,564.5161291
1999-10-15,564.5161291
1999-10-16,564.5161291
1999-10-17,564.5161291
1999-10-18,564.5161291
1999-10-19,564.5161291
1999-10-20,564.5161291
1999-10-21,564.5161291
1999-10-22,564.5161291
1999-10-23,564.5161291
1999-10-24,564.5161291
1999-10-25,564.5161291
1999-10-26,564.5161291
1999-10-27,564.5161291
1999-10-28,564.5161291
1999-10-29,564.5161291
1999-10-30,564.5161291
1999-10-31,564.5161291
1999-11-01,480
1999-11-02,480
1999-11-03,480
1999-11-04,480
1999-11-05,480
1999-11-06,480
1999-11-07,480
1999-11-08,480
1999-11-09,480
1999-11-10,480
1999-11-11,480
1999-11-12,480
1999-11-13,480
1999-11-14,480
1999-11-15,480
1999-11-16,480
1999-11-17,480
1999-11-18,480
1999-11-19,480
1999-11-20,480
1999-11-21,480
1999-11-22,480
1999-11-23,480
1999-11-24,480
1999-11-25,480
1999-11-26,480
1999-11-27,480
1999-11-28,480
1999-11-29,480
1999-11-30,480
1999-12-01,370.967742
1999-12-02,370.967742
1999-12-03,370.967742
1999-12-04,370.967742
1999-12-05,370.967742
1999-12-06,370.967742
1999-12-07,370.967742
1999-12-08,370.967742
1999-12-09,370.967742
1999-12-10,370.967742
1999-12-11,370.967742
1999-12-12,370.967742
1999-12-13,370.967742
1999-12-14,370.967742
1999-12-15,370.967742
1999-12-16,370.967742
1999-12-17,370.967742
1999-12-18,370.967742
1999-12-19,370.967742
1999-12-20,370.967742
1999-12-21,370.967742
1999-12-22,370.967742
1999-12-23,370.967742
1999-12-24,370.967742
1999-12-25,370.967742
1999-12-26,370.967742
1999-12-27,370.967742
1999-12-28,370.967742
1999-12-29,370.967742
1999-12-30,370.967742
1999-12-31,370.967742
2000-01-01,141.9354839
2000-01-02,141.9354839
2000-01-03,141.9354839
2000-01-04,141.9354839
2000-01-05,141.9354839
2000-01-06,141.9354839
2000-01-07,141.9354839
2000-01-08,141.9354839
2000-01-09,141.9354839
2000-01-10,141.9354839
2000-01-11,141.9354839
2000-01-12,141.9354839
2000-01-13,141.9354839
2000-01-14,141.9354839
2000-01-15,141.9354839
2000-01-16,141.9354839
2000-01-17,141.9354839
2000-01-18,141.9354839
2000-01-19,141.9354839
2000-01-20,141.9354839
2000-01-21,141.9354839
2000-01-22,141.9354839
2000-01-23,141.9354839
2000-01-24,141.9354839
2000-01-25,141.9354839
2000-01-26,141.9354839
2000-01-27,141.9354839
2000-01-28,141.9354839
2000-01-29,141.9354839
2000-01-30,141.9354839
2000-01-31,141.9354839
2000-02-01,250
2000-02-02,250
2000-02-03,250
2000-02-04,250
2000-02-05,250
2000-02-06,250
2000-02-07,250
2000-02-08,250
2000-02-09,250
2000-02-10,250
2000-02-11,250
2000-02-12,250
2000-02-13,250
2000-02-14,250
2000-02-15,250
2000-02-16,250
2000-02-17,250
2000-02-18,250
2000-02-19,250
2000-02-20,250
2000-02-21,250
2000-02-22,250
2000-02-23,250
2000-02-24,250
2000-02-25,250
2000-02-26,250
2000-02-27,250
2000-02-28,250
2000-02-29,741.935484
2000-03-01,741.935484
2000-03-02,741.935484
2000-03-03,741.935484
2000-03-04,741.935484
2000-03-05,741.935484
2000-03-06,741.935484
2000-03-07,741.935484
2000-03-08,741.935484
2000-03-09,741.935484
2000-03-10,741.935484
2000-03-11,741.935484
2000-03-12,741.935484
2000-03-13,741.935484
2000-03-14,741.935484
2000-03-15,741.935484
2000-03-16,741.935484
2000-03-17,741.935484
2000-03-18,741.935484
2000-03-19,741.935484
2000-03-20,741.935484
2000-03-21,741.935484
2000-03-22,741.935484
2000-03-23,741.935484
2000-03-24,741.935484
2000-03-25,741.935484
2000-03-26,741.935484
2000-03-27,741.935484
2000-03-28,741.935484
2000-03-29,741.935484
2000-03-30,741.935484
2000-03-31,883.3333333
2000-04-01,883.3333333
2000-04-02,883.3333333
2000-04-03,883.3333333
2000-04-04,883.3333333
2000-04-05,883.3333333
2000-04-06,883.3333333
2000-04-07,883.3333333
2000-04-08,883.3333333
2000-04-09,883.3333333
2000-04-10,883.3333333
2000-04-11,883.3333333
2000-04-12,883.3333333
2000-04-13,883.3333333
2000-04-14,883.3333333
2000-04-15,883.3333333
2000-04-16,883.3333333
2000-04-17,883.3333333
2000-04-18,883.3333333
2000-04-19,883.3333333
2000-04-20,883.3333333
2000-04-21,883.3333333
2000-04-22,883.3333333
2000-04-23,883.3333333
2000-04-24,883.3333333
2000-04-25,883.3333333
2000-04-26,883.3333333
2000-04-27,883.3333333
2000-04-28,883.3333333
2000-04-29,883.3333333
2000-04-30,1464.516129
2000-05-01,1464.516129
2000-05-02,1464.516129
2000-05-03,1464.516129
2000-05-04,1464.516129
2000-05-05,1464.516129
2000-05-06,1464.516129
2000-05-07,1464.516129
2000-05-08,1464.516129
2000-05-09,1464.516129
2000-05-10,1464.516129
2000-05-11,1464.516129
2000-05-12,1464.516129
2000-05-13,1464.516129
2000-05-14,1464.516129
2000-05-15,1464.516129
2000-05-16,1464.516129
2000-05-17,1464.516129
2000-05-18,1464.516129
2000-05-19,1464.516129
2000-05-20,1464.516129
2000-05-21,1464.516129
2000-05-22,1464.516129
2000-05-23,1464.516129
2000-05-24,1464.516129
2000-05-25,1464.516129
2000-05-26,1464.516129
2000-05-27,1464.516129
2000-05-28,1464.516129
2000-05-29,1464.516129
2000-05-30,1464.516129
2000-05-31,1856.666666
2000-06-01,1856.666666
2000-06-02,1856.666666
2000-06-03,1856.666666
2000-06-04,1856.666666
2000-06-05,1856.666666
2000-06-06,1856.666666
2000-06-07,1856.666666
2000-06-08,1856.666666
2000-06-09,1856.666666
2000-06-10,1856.666666
2000-06-11,1856.666666
2000-06-12,1856.666666
2000-06-13,1856.666666
2000-06-14,1856.666666
2000-06-15,1856.666666
2000-06-16,1856.666666
2000-06-17,1856.666666
2000-06-18,1856.666666
2000-06-19,1856.666666
2000-06-20,1856.666666
2000-06-21,1856.666666
2000-06-22,1856.666666
2000-06-23,1856.666666
2000-06-24,1856.666666
2000-06-25,1856.666666
2000-06-26,1856.666666
2000-06-27,1856.666666
2000-06-28,1856.666666
2000-06-29,1856.666666
2000-06-30,1664.516129
2000-07-01,1664.516129
2000-07-02,1664.516129
2000-07-03,1664.516129
2000-07-04,1664.516129
2000-07-05,1664.516129
2000-07-06,1664.516129
2000-07-07,1664.516129
2000-07-08,1664.516129
2000-07-09,1664.516129
2000-07-10,1664.516129
2000-07-11,1664.516129
2000-07-12,1664.516129
2000-07-13,1664.516129
2000-07-14,1664.516129
2000-07-15,1664.516129
2000-07-16,1664.516129
2000-07-17,1664.516129
2000-07-18,1664.516129
2000-07-19,1664.516129
2000-07-20,1664.516129
2000-07-21,1664.516129
2000-07-22,1664.516129
2000-07-23,1664.516129
2000-07-24,1664.516129
2000-07-25,1664.516129
2000-07-26,1664.516129
2000-07-27,1664.516129
2000-07-28,1664.516129
2000-07-29,1664.516129
2000-07-30,1664.516129
2000-07-31,1532.258064
2000-08-01,1532.258064
2000-08-02,1532.258064
2000-08-03,1532.258064
2000-08-04,1532.258064
2000-08-05,1532.258064
2000-08-06,1532.258064
2000-08-07,1532.258064
2000-08-08,1532.258064
2000-08-09,1532.258064
2000-08-10,1532.258064
2000-08-11,1532.258064
2000-08-12,1532.258064
2000-08-13,1532.258064
2000-08-14,1532.258064
2000-08-15,1532.258064
2000-08-16,1532.258064
2000-08-17,1532.258064
2000-08-18,1532.258064
2000-08-19,1532.258064
2000-08-20,1532.258064
2000-08-21,1532.258064
2000-08-22,1532.258064
2000-08-23,1532.258064
2000-08-24,1532.258064
2000-08-25,1532.258064
2000-08-26,1532.258064
2000-08-27,1532.258064
2000-08-28,1532.258064
2000-08-29,1532.258064
2000-08-30,1532.258064
2000-08-31,950.0000001
2000-09-01,950.0000001
2000-09-02,950.0000001
2000-09-03,950.0000001
2000-09-04,950.0000001
2000-09-05,950.0000001
2000-09-06,950.0000001
2000-09-07,950.0000001
2000-09-08,950.0000001
2000-09-09,950.0000001
2000-09-10,950.0000001
2000-09-11,950.0000001
2000-09-12,950.0000001
2000-09-13,950.0000001
2000-09-14,950.0000001
2000-09-15,950.0000001
2000-09-16,950.0000001
2000-09-17,950.0000001
2000-09-18,950.0000001
2000-09-19,950.0000001
2000-09-20,950.0000001
2000-09-21,950.0000001
2000-09-22,950.0000001
2000-09-23,950.0000001
2000-09-24,950.0000001
2000-09-25,950.0000001
2000-09-26,950.0000001
2000-09-27,950.0000001
2000-09-28,950.0000001
2000-09-29,950.0000001
2000-09-30,950.0000001
2000-10-01,719.3548388
2000-10-02,719.3548388
2000-10-03,719.3548388
2000-10-04,719.3548388
2000-10-05,719.3548388
2000-10-06,719.3548388
2000-10-07,719.3548388
2000-10-08,719.3548388
2000-10-09,719.3548388
2000-10-10,719.3548388
2000-10-11,719.3548388
2000-10-12,719.3548388
2000-10-13,719.3548388
2000-10-14,719.3548388
2000-10-15,719.3548388
2000-10-16,719.3548388
2000-10-17,719.3548388
2000-10-18,719.3548388
2000-10-19,719.3548388
2000-10-20,719.3548388
2000-10-21,719.3548388
2000-10-22,719.3548388
2000-10-23,719.3548388
2000-10-24,719.3548388
2000-10-25,719.3548388
2000-10-26,719.3548388
2000-10-27,719.3548388
2000-10-28,719.3548388
2000-10-29,719.3548388
2000-10-30,719.3548388
2000-10-31,719.3548388
2000-11-01,433.3333333
2000-11-02,433.3333333
2000-11-03,433.3333333
2000-11-04,433.3333333
2000-11-05,433.3333333
2000-11-06,433.3333333
2000-11-07,433.3333333
2000-11-08,433.3333333
2000-11-09,433.3333333
2000-11-10,433.3333333
2000-11-11,433.3333333
2000-11-12,433.3333333
2000-11-13,433.3333333
2000-11-14,433.3333333
2000-11-15,433.3333333
2000-11-16,433.3333333
2000-11-17,433.3333333
2000-11-18,433.3333333
2000-11-19,433.3333333
2000-11-20,433.3333333
2000-11-21,433.3333333
2000-11-22,433.3333333
2000-11-23,433.3333333
2000-11-24,433.3333333
2000-11-25,433.3333333
2000-11-26,433.3333333
2000-11-27,433.3333333
2000-11-28,433.3333333
2000-11-29,433.3333333
2000-11-30,433.3333333
2000-12-01,235.483871
2000-12-02,235.483871
2000-12-03,235.483871
2000-12-04,235.483871
2000-12-05,235.483871
2000-12-06,235.483871
2000-12-07,235.483871
2000-12-08,235.483871
2000-12-09,235.483871
2000-12-10,235.483871
2000-12-11,235.483871
2000-12-12,235.483871
2000-12-13,235.483871
2000-12-14,235.483871
2000-12-15,235.483871
2000-12-16,235.483871
2000-12-17,235.483871
2000-12-18,235.483871
2000-12-19,235.483871
2000-12-20,235.483871
2000-12-21,235.483871
2000-12-22,235.483871
2000-12-23,235.483871
2000-12-24,235.483871
2000-12-25,235.483871
2000-12-26,235.483871
2000-12-27,235.483871
2000-12-28,235.483871
2000-12-29,235.483871
2000-12-30,235.483871
2000-12-31,235.483871
2001-01-01,200
2001-01-02,200
2001-01-03,200
2001-01-04,200
2001-01-05,200
2001-01-06,200
2001-01-07,200
2001-01-08,200
2001-01-09,200
2001-01-10,200
2001-01-11,200
2001-01-12,200
2001-01-13,200
2001-01-14,200
2001-01-15,200
2001-01-16,200
2001-01-17,200
2001-01-18,200
2001-01-19,200
2001-01-20,200
2001-01-21,200
2001-01-22,200
2001-01-23,200
2001-01-24,200
2001-01-25,200
2001-01-26,200
2001-01-27,200
2001-01-28,200
2001-01-29,200
2001-01-30,200
2001-01-31,200
2001-02-01,82.14285714
2001-02-02,82.14285714
2001-02-03,82.14285714
2001-02-04,82.14285714
2001-02-05,82.14285714
2001-02-06,82.14285714
2001-02-07,82.14285714
2001-02-08,82.14285714
2001-02-09,82.14285714
2001-02-10,82.14285714
2001-02-11,82.14285714
2001-02-12,82.14285714
2001-02-13,82.14285714
2001-02-14,82.14285714
2001-02-15,82.14285714
2001-02-16,82.14285714
2001-02-17,82.14285714
2001-02-18,82.14285714
2001-02-19,82.14285714
2001-02-20,82.14285714
2001-02-21,82.14285714
2001-02-22,82.14285714
2001-02-23,82.14285714
2001-02-24,82.14285714
2001-02-25,82.14285714
2001-02-26,82.14285714
2001-02-27,82.14285714
2001-02-28,82.14285714
2001-03-01,377.4193549
2001-03-02,377.4193549
2001-03-03,377.4193549
2001-03-04,377.4193549
2001-03-05,377.4193549
2001-03-06,377.4193549
2001-03-07,377.4193549
2001-03-08,377.4193549
2001-03-09,377.4193549
2001-03-10,377.4193549
2001-03-11,377.4193549
2001-03-12,377.4193549
2001-03-13,377.4193549
2001-03-14,377.4193549
2001-03-15,377.4193549
2001-03-16,377.4193549
2001-03-17,377.4193549
2001-03-18,377.4193549
2001-03-19,377.4193549
2001-03-20,377.4193549
2001-03-21,377.4193549
2001-03-22,377.4193549
2001-03-23,377.4193549
2001-03-24,377.4193549
2001-03-25,377.4193549
2001-03-26,377.4193549
2001-03-27,377.4193549
2001-03-28,377.4193549
2001-03-29,377.4193549
2001-03-30,377.4193549
2001-03-31,377.4193549
2001-04-01,756.6666666
2001-04-02,756.6666666
2001-04-03,756.6666666
2001-04-04,756.6666666
2001-04-05,756.6666666
2001-04-06,756.6666666
2001-04-07,756.6666666
2001-04-08,756.6666666
2001-04-09,756.6666666
2001-04-10,756.6666666
2001-04-11,756.6666666
2001-04-12,756.6666666
2001-04-13,756.6666666
2001-04-14,756.6666666
2001-04-15,756.6666666
2001-04-16,756.6666666
2001-04-17,756.6666666
2001-04-18,756.6666666
2001-04-19,756.6666666
2001-04-20,756.6666666
2001-04-21,756.6666666
2001-04-22,756.6666666
2001-04-23,756.6666666
2001-04-24,756.6666666
2001-04-25,756.6666666
2001-04-26,756.6666666
2001-04-27,756.6666666
2001-04-28,756.6666666
2001-04-29,756.6666666
2001-04-30,756.6666666
2001-05-01,1235.483871
2001-05-02,1235.483871
2001-05-03,1235.483871
2001-05-04,1235.483871
2001-05-05,1235.483871
2001-05-06,1235.483871
2001-05-07,1235.483871
2001-05-08,1235.483871
2001-05-09,1235.483871
2001-05-10,1235.483871
2001-05-11,1235.483871
2001-05-12,1235.483871
2001-05-13,1235.483871
2001-05-14,1235.483871
2001-05-15,1235.483871
2001-05-16,1235.483871
2001-05-17,1235.483871
2001-05-18,1235.483871
2001-05-19,1235.483871
2001-05-20,1235.483871
2001-05-21,1235.483871
2001-05-22,1235.483871
2001-05-23,1235.483871
2001-05-24,1235.483871
2001-05-25,1235.483871
2001-05-26,1235.483871
2001-05-27,1235.483871
2001-05-28,1235.483871
2001-05-29,1235.483871
2001-05-30,1235.483871
2001-05-31,1235.483871
2001-06-01,1130
2001-06-02,1130
2001-06-03,1130
2001-06-04,1130
2001-06-05,1130
2001-06-06,1130
2001-06-07,1130
2001-06-08,1130
2001-06-09,1130
2001-06-10,1130
2001-06-11,1130
2001-06-12,1130
2001-06-13,1130
2001-06-14,1130
2001-06-15,1130
2001-06-16,1130
2001-06-17,1130
2001-06-18,1130
2001-06-19,1130
2001-06-20,1130
2001-06-21,1130
2001-06-22,1130
2001-06-23,1130
2001-06-24,1130
2001-06-25,1130
2001-06-26,1130
2001-06-27,1130
2001-06-28,1130
2001-06-29,1130
2001-06-30,1130
2001-07-01,951.6129033
2001-07-02,951.6129033
2001-07-03,951.6129033
2001-07-04,951.6129033
2001-07-05,951.6129033
2001-07-06,951.6129033
2001-07-07,951.6129033
2001-07-08,951.6129033
2001-07-09,951.6129033
2001-07-10,951.6129033
2001-07-11,951.6129033
2001-07-12,951.6129033
2001-07-13,951.6129033
2001-07-14,951.6129033
2001-07-15,951.6129033
2001-07-16,951.6129033
2001-07-17,951.6129033
2001-07-18,951.6129033
2001-07-19,951.6129033
2001-07-20,951.6129033
2001-07-21,951.6129033
2001-07-22,951.6129033
2001-07-23,951.6129033
2001-07-24,951.6129033
2001-07-25,951.6129033
2001-07-26,951.6129033
2001-07-27,951.6129033
2001-07-28,951.6129033
2001-07-29,951.6129033
2001-07-30,951.6129033
2001-07-31,951.6129033
2001-08-01,1187.096774
2001-08-02,1187.096774
2001-08-03,1187.096774
2001-08-04,1187.096774
2001-08-05,1187.096774
2001-08-06,1187.096774
2001-08-07,1187.096774
2001-08-08,1187.096774
2001-08-09,1187.096774
2001-08-10,1187.096774
2001-08-11,1187.096774
2001-08-12,1187.096774
2001-08-13,1187.096774
2001-08-14,1187.096774
2001-08-15,1187.096774
2001-08-16,1187.096774
2001-08-17,1187.096774
2001-08-18,1187.096774
2001-08-19,1187.096774
2001-08-20,1187.096774
2001-08-21,1187.096774
2001-08-22,1187.096774
2001-08-23,1187.096774
2001-08-24,1187.096774
2001-08-25,1187.096774
2001-08-26,1187.096774
2001-08-27,1187.096774
2001-08-28,1187.096774
2001-08-29,1187.096774
2001-08-30,1187.096774
2001-08-31,1187.096774
2001-09-01,1073.333333
2001-09-02,1073.333333
2001-09-03,1073.333333
2001-09-04,1073.333333
2001-09-05,1073.333333
2001-09-06,1073.333333
2001-09-07,1073.333333
2001-09-08,1073.333333
2001-09-09,1073.333333
2001-09-10,1073.333333
2001-09-11,1073.333333
2001-09-12,1073.333333
2001-09-13,1073.333333
2001-09-14,1073.333333
2001-09-15,1073.333333
2001-09-16,1073.333333
2001-09-17,1073.333333
2001-09-18,1073.333333
2001-09-19,1073.333333
2001-09-20,1073.333333
2001-09-21,1073.333333
2001-09-22,1073.333333
2001-09-23,1073.333333
2001-09-24,1073.333333
2001-09-25,1073.333333
2001-09-26,1073.333333
2001-09-27,1073.333333
2001-09-28,1073.333333
2001-09-29,1073.333333
2001-09-30,1073.333333
2001-10-01,615.6516129
2001-10-02,615.6516129
2001-10-03,615.6516129
2001-10-04,615.6516129
2001-10-05,615.6516129
2001-10-06,615.6516129
2001-10-07,615.6516129
2001-10-08,615.6516129
2001-10-09,615.6516129
2001-10-10,615.6516129
2001-10-11,615.6516129
2001-10-12,615.6516129
2001-10-13,615.6516129
2001-10-14,615.6516129
2001-10-15,615.6516129
2001-10-16,615.6516129
2001-10-17,615.6516129
2001-10-18,615.6516129
2001-10-19,615.6516129
2001-10-20,615.6516129
2001-10-21,615.6516129
2001-10-22,615.6516129
2001-10-23,615.6516129
2001-10-24,615.6516129
2001-10-25,615.6516129
2001-10-26,615.6516129
2001-10-27,615.6516129
2001-10-28,615.6516129
2001-10-29,615.6516129
2001-10-30,615.6516129
2001-10-31,615.6516129
2001-11-01,274.54
2001-11-02,274.54
2001-11-03,274.54
2001-11-04,274.54
2001-11-05,274.54
2001-11-06,274.54
2001-11-07,274.54
2001-11-08,274.54
2001-11-09,274.54
2001-11-10,274.54
2001-11-11,274.54
2001-11-12,274.54
2001-11-13,274.54
2001-11-14,274.54
2001-11-15,274.54
2001-11-16,274.54
2001-11-17,274.54
2001-11-18,274.54
2001-11-19,274.54
2001-11-20,274.54
2001-11-21,274.54
2001-11-22,274.54
2001-11-23,274.54
2001-11-24,274.54
2001-11-25,274.54
2001-11-26,274.54
2001-11-27,274.54
2001-11-28,274.54
2001-11-29,274.54
2001-11-30,274.54
2001-12-01,196.7322581
2001-12-02,196.7322581
2001-12-03,196.7322581
2001-12-04,196.7322581
2001-12-05,196.7322581
2001-12-06,196.7322581
2001-12-07,196.7322581
2001-12-08,196.7322581
2001-12-09,196.7322581
2001-12-10,196.7322581
2001-12-11,196.7322581
2001-12-12,196.7322581
2001-12-13,196.7322581
2001-12-14,196.7322581
2001-12-15,196.7322581
2001-12-16,196.7322581
2001-12-17,196.7322581
2001-12-18,196.7322581
2001-12-19,196.7322581
2001-12-20,196.7322581
2001-12-21,196.7322581
2001-12-22,196.7322581
2001-12-23,196.7322581
2001-12-24,196.7322581
2001-12-25,196.7322581
2001-12-26,196.7322581
2001-12-27,196.7322581
2001-12-28,196.7322581
2001-12-29,196.7322581
2001-12-30,196.7322581
2001-12-31,196.7322581
2002-01-01,171.7935484
2002-01-02,171.7935484
2002-01-03,171.7935484
2002-01-04,171.7935484
2002-01-05,171.7935484
2002-01-06,171.7935484
2002-01-07,171.7935484
2002-01-08,171.7935484
2002-01-09,171.7935484
2002-01-10,171.7935484
2002-01-11,171.7935484
2002-01-12,171.7935484
2002-01-13,171.7935484
2002-01-14,171.7935484
2002-01-15,171.7935484
2002-01-16,171.7935484
2002-01-17,171.7935484
2002-01-18,171.7935484
2002-01-19,171.7935484
2002-01-20,171.7935484
2002-01-21,171.7935484
2002-01-22,171.7935484
2002-01-23,171.7935484
2002-01-24,171.7935484
2002-01-25,171.7935484
2002-01-26,171.7935484
2002-01-27,171.7935484
2002-01-28,171.7935484
2002-01-29,171.7935484
2002-01-30,171.7935484
2002-01-31,171.7935484
2002-02-01,209.9714285
2002-02-02,209.9714285
2002-02-03,209.9714285
2002-02-04,209.9714285
2002-02-05,209.9714285
2002-02-06,209.9714285
2002-02-07,209.9714285
2002-02-08,209.9714285
2002-02-09,209.9714285
2002-02-10,209.9714285
2002-02-11,209.9714285
2002-02-12,209.9714285
2002-02-13,209.9714285
2002-02-14,209.9714285
2002-02-15,209.9714285
2002-02-16,209.9714285
2002-02-17,209.9714285
2002-02-18,209.9714285
2002-02-19,209.9714285
2002-02-20,209.9714285
2002-02-21,209.9714285
2002-02-22,209.9714285
2002-02-23,209.9714285
2002-02-24,209.9714285
2002-02-25,209.9714285
2002-02-26,209.9714285
2002-02-27,209.9714285
2002-02-28,209.9714285
2002-03-01,288.8451612
2002-03-02,288.8451612
2002-03-03,288.8451612
2002-03-04,288.8451612
2002-03-05,288.8451612
2002-03-06,288.8451612
2002-03-07,288.8451612
2002-03-08,288.8451612
2002-03-09,288.8451612
2002-03-10,288.8451612
2002-03-11,288.8451612
2002-03-12,288.8451612
2002-03-13,288.8451612
2002-03-14,288.8451612
2002-03-15,288.8451612
2002-03-16,288.8451612
2002-03-17,288.8451612
2002-03-18,288.8451612
2002-03-19,288.8451612
2002-03-20,288.8451612
2002-03-21,288.8451612
2002-03-22,288.8451612
2002-03-23,288.8451612
2002-03-24,288.8451612
2002-03-25,288.8451612
2002-03-26,288.8451612
2002-03-27,288.8451612
2002-03-28,288.8451612
2002-03-29,288.8451612
2002-03-30,288.8451612
2002-03-31,288.8451612
2002-04-01,388.9533334
2002-04-02,388.9533334
2002-04-03,388.9533334
2002-04-04,388.9533334
2002-04-05,388.9533334
2002-04-06,388.9533334
2002-04-07,388.9533334
2002-04-08,388.9533334
2002-04-09,388.9533334
2002-04-10,388.9533334
2002-04-11,388.9533334
2002-04-12,388.9533334
2002-04-13,388.9533334
2002-04-14,388.9533334
2002-04-15,388.9533334
2002-04-16,388.9533334
2002-04-17,388.9533334
2002-04-18,388.9533334
2002-04-19,388.9533334
2002-04-20,388.9533334
2002-04-21,388.9533334
2002-04-22,388.9533334
2002-04-23,388.9533334
2002-04-24,388.9533334
2002-04-25,388.9533334
2002-04-26,388.9533334
2002-04-27,388.9533334
2002-04-28,388.9533334
2002-04-29,388.9533334
2002-04-30,388.9533334
2002-05-01,1057.177419
2002-05-02,1057.177419
2002-05-03,1057.177419
2002-05-04,1057.177419
2002-05-05,1057.177419
2002-05-06,1057.177419
2002-05-07,1057.177419
2002-05-08,1057.177419
2002-05-09,1057.177419
2002-05-10,1057.177419
2002-05-11,1057.177419
2002-05-12,1057.177419
2002-05-13,1057.177419
2002-05-14,1057.177419
2002-05-15,1057.177419
2002-05-16,1057.177419
2002-05-17,1057.177419
2002-05-18,1057.177419
2002-05-19,1057.177419
2002-05-20,1057.177419
2002-05-21,1057.177419
2002-05-22,1057.177419
2002-05-23,1057.177419
2002-05-24,1057.177419
2002-05-25,1057.177419
2002-05-26,1057.177419
2002-05-27,1057.177419
2002-05-28,1057.177419
2002-05-29,1057.177419
2002-05-30,1057.177419
2002-05-31,1057.177419
2002-06-01,1293.913333
2002-06-02,1293.913333
2002-06-03,1293.913333
2002-06-04,1293.913333
2002-06-05,1293.913333
2002-06-06,1293.913333
2002-06-07,1293.913333
2002-06-08,1293.913333
2002-06-09,1293.913333
2002-06-10,1293.913333
2002-06-11,1293.913333
2002-06-12,1293.913333
2002-06-13,1293.913333
2002-06-14,1293.913333
2002-06-15,1293.913333
2002-06-16,1293.913333
2002-06-17,1293.913333
2002-06-18,1293.913333
2002-06-19,1293.913333
2002-06-20,1293.913333
2002-06-21,1293.913333
2002-06-22,1293.913333
2002-06-23,1293.913333
2002-06-24,1293.913333
2002-06-25,1293.913333
2002-06-26,1293.913333
2002-06-27,1293.913333
2002-06-28,1293.913333
2002-06-29,1293.913333
2002-06-30,1293.913333
2002-07-01,1191.758065
2002-07-02,1191.758065
2002-07-03,1191.758065
2002-07-04,1191.758065
2002-07-05,1191.758065
2002-07-06,1191.758065
2002-07-07,1191.758065
2002-07-08,1191.758065
2002-07-09,1191.758065
2002-07-10,1191.758065
2002-07-11,1191.758065
2002-07-12,1191.758065
2002-07-13,1191.758065
2002-07-14,1191.758065
2002-07-15,1191.758065
2002-07-16,1191.758065
2002-07-17,1191.758065
2002-07-18,1191.758065
2002-07-19,1191.758065
2002-07-20,1191.758065
2002-07-21,1191.758065
2002-07-22,1191.758065
2002-07-23,1191.758065
2002-07-24,1191.758065
2002-07-25,1191.758065
2002-07-26,1191.758065
2002-07-27,1191.758065
2002-07-28,1191.758065
2002-07-29,1191.758065
2002-07-30,1191.758065
2002-07-31,1191.758065
2002-08-01,1172.077419
2002-08-02,1172.077419
2002-08-03,1172.077419
2002-08-04,1172.077419
2002-08-05,1172.077419
2002-08-06,1172.077419
2002-08-07,1172.077419
2002-08-08,1172.077419
2002-08-09,1172.077419
2002-08-10,1172.077419
2002-08-11,1172.077419
2002-08-12,1172.077419
2002-08-13,1172.077419
2002-08-14,1172.077419
2002-08-15,1172.077419
2002-08-16,1172.077419
2002-08-17,1172.077419
2002-08-18,1172.077419
2002-08-19,1172.077419
2002-08-20,1172.077419
2002-08-21,1172.077419
2002-08-22,1172.077419
2002-08-23,1172.077419
2002-08-24,1172.077419
2002-08-25,1172.077419
2002-08-26,1172.077419
2002-08-27,1172.077419
2002-08-28,1172.077419
2002-08-29,1172.077419
2002-08-30,1172.077419
2002-08-31,1172.077419
2002-09-01,884.58
2002-09-02,884.58
2002-09-03,884.58
2002-09-04,884.58
2002-09-05,884.58
2002-09-06,884.58
2002-09-07,884.58
2002-09-08,884.58
2002-09-09,884.58
2002-09-10,884.58
2002-09-11,884.58
2002-09-12,884.58
2002-09-13,884.58
2002-09-14,884.58
2002-09-15,884.58
2002-09-16,884.58
2002-09-17,884.58
2002-09-18,884.58
2002-09-19,884.58
2002-09-20,884.58
2002-09-21,884.58
2002-09-22,884.58
2002-09-23,884.58
2002-09-24,884.58
2002-09-25,884.58
2002-09-26,884.58
2002-09-27,884.58
2002-09-28,884.58
2002-09-29,884.58
2002-09-30,884.58
2002-10-01,567.6115161
2002-10-02,567.6115161
2002-10-03,567.6115161
2002-10-04,567.6115161
2002-10-05,567.6115161
2002-10-06,567.6115161
2002-10-07,567.6115161
2002-10-08,567.6115161
2002-10-09,567.6115161
2002-10-10,567.6115161
2002-10-11,567.6115161
2002-10-12,567.6115161
2002-10-13,567.6115161
2002-10-14,567.6115161
2002-10-15,567.6115161
2002-10-16,567.6115161
2002-10-17,567.6115161
2002-10-18,567.6115161
2002-10-19,567.6115161
2002-10-20,567.6115161
2002-10-21,567.6115161
2002-10-22,567.6115161
2002-10-23,567.6115161
2002-10-24,567.6115161
2002-10-25,567.6115161
2002-10-26,567.6115161
2002-10-27,567.6115161
2002-10-28,567.6115161
2002-10-29,567.6115161
2002-10-30,567.6115161
2002-10-31,567.6115161
2002-11-01,484.6370667
2002-11-02,484.6370667
2002-11-03,484.6370667
2002-11-04,484.6370667
2002-11-05,484.6370667
2002-11-06,484.6370667
2002-11-07,484.6370667
2002-11-08,484.6370667
2002-11-09,484.6370667
2002-11-10,484.6370667
2002-11-11,484.6370667
2002-11-12,484.6370667
2002-11-13,484.6370667
2002-11-14,484.6370667
2002-11-15,484.6370667
2002-11-16,484.6370667
2002-11-17,484.6370667
2002-11-18,484.6370667
2002-11-19,484.6370667
2002-11-20,484.6370667
2002-11-21,484.6370667
2002-11-22,484.6370667
2002-11-23,484.6370667
2002-11-24,484.6370667
2002-11-25,484.6370667
2002-11-26,484.6370667
2002-11-27,484.6370667
2002-11-28,484.6370667
2002-11-29,484.6370667
2002-11-30,484.6370667
2002-12-01,305.3713872
2002-12-02,305.3713872
2002-12-03,305.3713872
2002-12-04,305.3713872
2002-12-05,305.3713872
2002-12-06,305.3713872
2002-12-07,305.3713872
2002-12-08,305.3713872
2002-12-09,305.3713872
2002-12-10,305.3713872
2002-12-11,305.3713872
2002-12-12,305.3713872
2002-12-13,305.3713872
2002-12-14,305.3713872
2002-12-15,305.3713872
2002-12-16,305.3713872
2002-12-17,305.3713872
2002-12-18,305.3713872
2002-12-19,305.3713872
2002-12-20,305.3713872
2002-12-21,305.3713872
2002-12-22,305.3713872
2002-12-23,305.3713872
2002-12-24,305.3713872
2002-12-25,305.3713872
2002-12-26,305.3713872
2002-12-27,305.3713872
2002-12-28,305.3713872
2002-12-29,305.3713872
2002-12-30,305.3713872
2002-12-31,305.3713872
2003-01-01,221.8171935
2003-01-02,221.8171935
2003-01-03,221.8171935
2003-01-04,221.8171935
2003-01-05,221.8171935
2003-01-06,221.8171935
2003-01-07,221.8171935
2003-01-08,221.8171935
2003-01-09,221.8171935
2003-01-10,221.8171935
2003-01-11,221.8171935
2003-01-12,221.8171935
2003-01-13,221.8171935
2003-01-14,221.8171935
2003-01-15,221.8171935
2003-01-16,221.8171935
2003-01-17,221.8171935
2003-01-18,221.8171935
2003-01-19,221.8171935
2003-01-20,221.8171935
2003-01-21,221.8171935
2003-01-22,221.8171935
2003-01-23,221.8171935
2003-01-24,221.8171935
2003-01-25,221.8171935
2003-01-26,221.8171935
2003-01-27,221.8171935
2003-01-28,221.8171935
2003-01-29,221.8171935
2003-01-30,221.8171935
2003-01-31,221.8171935
2003-02-01,120.2837857
2003-02-02,120.2837857
2003-02-03,120.2837857
2003-02-04,120.2837857
2003-02-05,120.2837857
2003-02-06,120.2837857
2003-02-07,120.2837857
2003-02-08,120.2837857
2003-02-09,120.2837857
2003-02-10,120.2837857
2003-02-11,120.2837857
2003-02-12,120.2837857
2003-02-13,120.2837857
2003-02-14,120.2837857
2003-02-15,120.2837857
2003-02-16,120.2837857
2003-02-17,120.2837857
2003-02-18,120.2837857
2003-02-19,120.2837857
2003-02-20,120.2837857
2003-02-21,120.2837857
2003-02-22,120.2837857
2003-02-23,120.2837857
2003-02-24,120.2837857
2003-02-25,120.2837857
2003-02-26,120.2837857
2003-02-27,120.2837857
2003-02-28,120.2837857
2003-03-01,957.7796452
2003-03-02,957.7796452
2003-03-03,957.7796452
2003-03-04,957.7796452
2003-03-05,957.7796452
2003-03-06,957.7796452
2003-03-07,957.7796452
2003-03-08,957.7796452
2003-03-09,957.7796452
2003-03-10,957.7796452
2003-03-11,957.7796452
2003-03-12,957.7796452
2003-03-13,957.7796452
2003-03-14,957.7796452
2003-03-15,957.7796452
2003-03-16,957.7796452
2003-03-17,957.7796452
2003-03-18,957.7796452
2003-03-19,957.7796452
2003-03-20,957.7796452
2003-03-21,957.7796452
2003-03-22,957.7796452
2003-03-23,957.7796452
2003-03-24,957.7796452
2003-03-25,957.7796452
2003-03-26,957.7796452
2003-03-27,957.7796452
2003-03-28,957.7796452
2003-03-29,957.7796452
2003-03-30,957.7796452
2003-03-31,957.7796452
2003-04-01,1297.072167
2003-04-02,1297.072167
2003-04-03,1297.072167
2003-04-04,1297.072167
2003-04-05,1297.072167
2003-04-06,1297.072167
2003-04-07,1297.072167
2003-04-08,1297.072167
2003-04-09,1297.072167
2003-04-10,1297.072167
2003-04-11,1297.072167
2003-04-12,1297.072167
2003-04-13,1297.072167
2003-04-14,1297.072167
2003-04-15,1297.072167
2003-04-16,1297.072167
2003-04-17,1297.072167
2003-04-18,1297.072167
2003-04-19,1297.072167
2003-04-20,1297.072167
2003-04-21,1297.072167
2003-04-22,1297.072167
2003-04-23,1297.072167
2003-04-24,1297.072167
2003-04-25,1297.072167
2003-04-26,1297.072167
2003-04-27,1297.072167
2003-04-28,1297.072167
2003-04-29,1297.072167
2003-04-30,1297.072167
2003-05-01,1711.373774
2003-05-02,1711.373774
2003-05-03,1711.373774
2003-05-04,1711.373774
2003-05-05,1711.373774
2003-05-06,1711.373774
2003-05-07,1711.373774
2003-05-08,1711.373774
2003-05-09,1711.373774
2003-05-10,1711.373774
2003-05-11,1711.373774
2003-05-12,1711.373774
2003-05-13,1711.373774
2003-05-14,1711.373774
2003-05-15,1711.373774
2003-05-16,1711.373774
2003-05-17,1711.373774
2003-05-18,1711.373774
2003-05-19,1711.373774
2003-05-20,1711.373774
2003-05-21,1711.373774
2003-05-22,1711.373774
2003-05-23,1711.373774
2003-05-24,1711.373774
2003-05-25,1711.373774
2003-05-26,1711.373774
2003-05-27,1711.373774
2003-05-28,1711.373774
2003-05-29,1711.373774
2003-05-30,1711.373774
2003-05-31,1711.373774
2003-06-01,1871.4162
2003-06-02,1871.4162
2003-06-03,1871.4162
2003-06-04,1871.4162
2003-06-05,1871.4162
2003-06-06,1871.4162
2003-06-07,1871.4162
2003-06-08,1871.4162
2003-06-09,1871.4162
2003-06-10,1871.4162
2003-06-11,1871.4162
2003-06-12,1871.4162
2003-06-13,1871.4162
2003-06-14,1871.4162
2003-06-15,1871.4162
2003-06-16,1871.4162
2003-06-17,1871.4162
2003-06-18,1871.4162
2003-06-19,1871.4162
2003-06-20,1871.4162
2003-06-21,1871.4162
2003-06-22,1871.4162
2003-06-23,1871.4162
2003-06-24,1871.4162
2003-06-25,1871.4162
2003-06-26,1871.4162
2003-06-27,1871.4162
2003-06-28,1871.4162
2003-06-29,1871.4162
2003-06-30,1871.4162
2003-07-01,1884.086291
2003-07-02,1884.086291
2003-07-03,1884.086291
2003-07-04,1884.086291
2003-07-05,1884.086291
2003-07-06,1884.086291
2003-07-07,1884.086291
2003-07-08,1884.086291
2003-07-09,1884.086291
2003-07-10,1884.086291
2003-07-11,1884.086291
2003-07-12,1884.086291
2003-07-13,1884.086291
2003-07-14,1884.086291
2003-07-15,1884.086291
2003-07-16,1884.086291
2003-07-17,1884.086291
2003-07-18,1884.086291
2003-07-19,1884.086291
2003-07-20,1884.086291
2003-07-21,1884.086291
2003-07-22,1884.086291
2003-07-23,1884.086291
2003-07-24,1884.086291
2003-07-25,1884.086291
2003-07-26,1884.086291
2003-07-27,1884.086291
2003-07-28,1884.086291
2003-07-29,1884.086291
2003-07-30,1884.086291
2003-07-31,1884.086291
2003-08-01,1963.175581
2003-08-02,1963.175581
2003-08-03,1963.175581
2003-08-04,1963.175581
2003-08-05,1963.175581
2003-08-06,1963.175581
2003-08-07,1963.175581
2003-08-08,1963.175581
2003-08-09,1963.175581
2003-08-10,1963.175581
2003-08-11,1963.175581
2003-08-12,1963.175581
2003-08-13,1963.175581
2003-08-14,1963.175581
2003-08-15,1963.175581
2003-08-16,1963.175581
2003-08-17,1963.175581
2003-08-18,1963.175581
2003-08-19,1963.175581
2003-08-20,1963.175581
2003-08-21,1963.175581
2003-08-22,1963.175581
2003-08-23,1963.175581
2003-08-24,1963.175581
2003-08-25,1963.175581
2003-08-26,1963.175581
2003-08-27,1963.175581
2003-08-28,1963.175581
2003-08-29,1963.175581
2003-08-30,1963.175581
2003-08-31,1963.175581
