time,flow,temp,salt
1993-12-07,317.952,5,0.5
1993-12-08,453.6,5.4,0.5
1993-12-09,760.32,5.6,0.5
1993-12-10,501.12,6.2,0.5
1993-12-11,540,6,0.5
1993-12-12,391.392,5.6,0.5
1993-12-13,308.448,5.3,0.5
1993-12-14,315.36,5.1,0.5
1993-12-15,285.12,4.8,0.5
1993-12-16,435.456,5,0.5
1993-12-17,389.664,5.1,0.5
1993-12-18,467.424,5.3,0.5
1993-12-19,503.712,5.2,0.5
1993-12-20,2237.76,6.2,0.2
1993-12-21,1218.24,7,0.5
1993-12-22,571.968,6.5,0.5
1993-12-23,434.592,5.5,0.5
1993-12-24,344.736,5.2,0.5
1993-12-25,323.136,5,0.5
1993-12-26,300.672,4.5,0.5
1993-12-27,263.52,3.8,0.5
1993-12-28,249.696,3.4,0.5
1993-12-29,235.872,3.6,0.5
1993-12-30,487.296,3.6,0.5
1993-12-31,655.776,3.8,0.5
1994-01-01,1512,4,0.6
1994-01-02,915.84,4.1,0.6
1994-01-03,1304.64,5.3,0.6
1994-01-04,1080,5.5,0.6
1994-01-05,794.016,5.6,0.6
1994-01-06,557.28,5.7,0.6
1994-01-07,553.824,6,0.6
1994-01-08,476.928,6.1,0.6
1994-01-09,377.568,6.2,0.6
1994-01-10,324.864,5.4,0.6
1994-01-11,286.848,5.5,0.6
1994-01-12,259.2,4.8,0.5
1994-01-13,246.24,5.6,0.6
1994-01-14,1010.88,5.8,0.6
1994-01-15,772.416,6,0.6
1994-01-16,476.928,5.6,0.6
1994-01-17,385.344,4.2,0.4
1994-01-18,314.496,3.2,0.4
1994-01-19,272.16,4,0.6
1994-01-20,254.016,3.7,0.6
1994-01-21,221.184,3.4,0.6
1994-01-22,190.08,3.2,0.6
1994-01-23,209.952,3.1,0.6
1994-01-24,1235.52,4.3,0.6
1994-01-25,3093.12,4.5,0.6
1994-01-26,1995.84,5.1,0.6
1994-01-27,839.808,5.2,0.6
1994-01-28,628.992,5.3,0.6
1994-01-29,468.288,4.9,0.6
1994-01-30,419.04,4.6,0.6
1994-01-31,430.272,4.8,0.6
1994-02-01,375.84,4.9,0.7
1994-02-02,331.776,4.6,0.7
1994-02-03,308.448,4.9,0.7
1994-02-04,317.088,4.4,0.7
1994-02-05,308.448,4.6,0.7
1994-02-06,265.248,5.2,0.7
1994-02-07,273.024,6.2,0.7
1994-02-08,468.288,5.7,0.7
1994-02-09,407.808,6,0.7
1994-02-10,348.192,5.6,0.7
1994-02-11,344.736,5.3,0.7
1994-02-12,300.672,4.6,0.7
1994-02-13,257.472,4.4,0.7
1994-02-14,222.912,2.4,0.6
1994-02-15,206.496,4.4,0.7
1994-02-16,197.856,3.9,0.7
1994-02-17,190.944,3.7,0.7
1994-02-18,184.896,4.1,0.7
1994-02-19,167.616,3.8,0.7
1994-02-20,157.248,3.7,0.7
1994-02-21,161.568,4.3,0.7
1994-02-22,167.616,3.8,0.7
1994-02-23,185.76,3.9,0.7
1994-02-24,262.656,3.8,0.7
1994-02-25,413.856,4.2,0.7
1994-02-26,400.896,4.3,0.7
1994-02-27,473.472,4.5,0.7
1994-02-28,607.392,5.6,0.7
1994-03-01,505.44,5.4,0.5
1994-03-02,881.28,5.6,0.5
1994-03-03,729.216,5.7,0.5
1994-03-04,1028.16,6,0.5
1994-03-05,508.896,5.7,0.5
1994-03-06,520.992,5.8,0.5
1994-03-07,551.232,6.5,0.5
1994-03-08,448.416,6.6,0.5
1994-03-09,608.256,6.8,0.5
1994-03-10,571.104,7,0.5
1994-03-11,515.808,6.9,0.5
1994-03-12,511.488,6.8,0.5
1994-03-13,615.168,7,0.5
1994-03-14,545.184,7.6,0.5
1994-03-15,438.912,8.5,0.3
1994-03-16,396.576,7.5,0.5
1994-03-17,321.408,7.4,0.5
1994-03-18,292.032,7.2,0.5
1994-03-19,256.608,7.3,0.5
1994-03-20,569.376,7.4,0.5
1994-03-21,513.216,7.5,0.5
1994-03-22,418.176,7.6,0.5
1994-03-23,375.84,7.7,0.5
1994-03-24,454.464,7.9,0.5
1994-03-25,567.648,8.2,0.5
1994-03-26,1926.72,8.1,0.5
1994-03-27,845.856,8,0.5
1994-03-28,555.552,7.5,0.4
1994-03-29,509.76,7.8,0.5
1994-03-30,458.784,8.5,0.5
1994-03-31,397.44,8.4,0.5
1994-04-01,503.712,8.6,0.4
1994-04-02,541.728,8.4,0.4
1994-04-03,426.816,8.1,0.4
1994-04-04,448.416,7.6,0.4
1994-04-05,703.296,7.8,0.4
1994-04-06,425.952,6.6,0.4
1994-04-07,417.312,8.2,0.4
1994-04-08,399.168,8.4,0.4
1994-04-09,324.864,8.1,0.4
1994-04-10,298.944,8,0.4
1994-04-11,284.256,8.1,0.4
1994-04-12,405.216,7.9,0.4
1994-04-13,1416.96,7.8,0.4
1994-04-14,967.68,6.7,0.4
1994-04-15,652.32,7,0.4
1994-04-16,528.768,6.8,0.4
1994-04-17,689.472,7,0.4
1994-04-18,1192.32,5.6,0.3
1994-04-19,686.016,7,0.4
1994-04-20,620.352,7.3,0.4
1994-04-21,751.68,7.6,0.4
1994-04-22,794.88,7.8,0.4
1994-04-23,797.472,7.9,0.4
1994-04-24,677.376,8.1,0.4
1994-04-25,676.512,8.1,0.4
1994-04-26,3844.8,8.1,0.4
1994-04-27,1045.44,8.5,0.4
1994-04-28,735.264,8.7,0.4
1994-04-29,547.776,8.8,0.4
1994-04-30,540.864,9.2,0.4
1994-05-01,559.872,9.4,0.4
1994-05-02,415.584,11,0.4
1994-05-03,365.472,10.7,0.4
1994-05-04,385.344,10.9,0.4
1994-05-05,498.528,10.6,0.4
1994-05-06,336.96,10.5,0.4
1994-05-07,279.072,11.2,0.4
1994-05-08,285.12,11.4,0.4
1994-05-09,408.672,11.4,0.4
1994-05-10,1563.84,10.3,0.4
1994-05-11,501.984,10.3,0.4
1994-05-12,393.12,10.2,0.4
1994-05-13,365.472,10.3,0.4
1994-05-14,311.04,10.1,0.4
1994-05-15,281.664,10.3,0.4
1994-05-16,268.704,11.3,0.4
1994-05-17,322.272,11.2,0.4
1994-05-18,322.272,13.8,0.5
1994-05-19,1840.32,10.9,0.4
1994-05-20,1399.68,10.6,0.4
1994-05-21,845.856,10.9,0.4
1994-05-22,1373.76,11.1,0.4
1994-05-23,721.44,11.2,0.4
1994-05-24,621.216,11.5,0.4
1994-05-25,2833.92,11.8,0.2
1994-05-26,1296,11.5,0.4
1994-05-27,1909.44,11.2,0.4
1994-05-28,976.32,11.4,0.4
1994-05-29,1183.68,11.2,0.4
1994-05-30,872.64,11.4,0.3
1994-05-31,594.432,11.5,0.4
1994-06-01,448.416,12.3,0.4
1994-06-02,387.072,12.8,0.4
1994-06-03,495.936,13,0.4
1994-06-04,672.192,12.9,0.4
1994-06-05,847.584,12.6,0.4
1994-06-06,579.744,10.7,0.4
1994-06-07,485.568,11.2,0.4
1994-06-08,418.176,11.5,0.4
1994-06-09,5063.04,11.2,0.4
1994-06-10,1477.44,10.6,0.4
1994-06-11,2073.6,10.1,0.4
1994-06-12,1071.36,10.3,0.4
1994-06-13,674.784,12.3,0.4
1994-06-14,490.752,12.2,0.4
1994-06-15,422.496,11.9,0.4
1994-06-16,380.16,12.7,0.4
1994-06-17,337.824,13.6,0.4
1994-06-18,297.216,14,0.4
1994-06-19,299.808,14.7,0.4
1994-06-20,603.936,13.4,0.4
1994-06-21,424.224,13.1,0.4
1994-06-22,304.128,13.6,0.4
1994-06-23,259.2,14.1,0.4
1994-06-24,235.008,14.8,0.4
1994-06-25,216.864,15.2,0.4
1994-06-26,203.904,15.5,0.4
1994-06-27,196.992,17.5,0.4
1994-06-28,200.448,17.6,0.4
1994-06-29,485.568,18.5,0.4
1994-06-30,777.6,19.4,0.4
1994-07-01,260.928,20.1,0.4
1994-07-02,213.408,20.3,0.4
1994-07-03,168.48,20.4,0.4
1994-07-04,158.976,20.3,0.4
1994-07-05,235.008,20.9,0.4
1994-07-06,749.952,21,0.4
1994-07-07,2859.84,20.2,0.4
1994-07-08,575.424,19.6,0.4
1994-07-09,1373.76,19.3,0.4
1994-07-10,653.184,19.7,0.4
1994-07-11,405.216,18.7,0.4
1994-07-12,311.904,19,0.4
1994-07-13,253.152,19.6,0.4
1994-07-14,228.096,20,0.4
1994-07-15,215.136,19.7,0.4
1994-07-16,181.44,19.9,0.4
1994-07-17,159.84,20.3,0.4
1994-07-18,236.736,19.5,0.4
1994-07-19,266.112,19.6,0.4
1994-07-20,362.88,19.4,0.4
1994-07-21,808.704,19.8,0.4
1994-07-22,360.288,19.9,0.4
1994-07-23,241.92,20.1,0.4
1994-07-24,202.176,20.4,0.4
1994-07-25,174.528,19.3,0.4
1994-07-26,174.528,19.5,0.4
1994-07-27,141.696,19.6,0.4
1994-07-28,134.784,19.8,0.4
1994-07-29,132.192,20,0.4
1994-07-30,121.824,20.1,0.4
1994-07-31,131.328,20.2,0.4
1994-08-01,136.512,21,0.4
1994-08-02,116.64,20.9,0.4
1994-08-03,108.864,21.2,0.4
1994-08-04,99.36,21.1,0.4
1994-08-05,96.768,21,0.4
1994-08-06,104.544,20.9,0.4
1994-08-07,180.576,21,0.4
1994-08-08,167.616,21.3,0.4
1994-08-09,267.84,21,0.4
1994-08-10,234.144,21.2,0.4
1994-08-11,1252.8,20,0.4
1994-08-12,798.336,19.3,0.4
1994-08-13,336.096,19,0.4
1994-08-14,252.288,18.9,0.4
1994-08-15,198.72,18.7,0.4
1994-08-16,165.024,18.4,0.4
1994-08-17,216,18.1,0.4
1994-08-18,967.68,17.8,0.4
1994-08-19,405.216,17.4,0.4
1994-08-20,292.896,17.5,0.4
1994-08-21,203.04,17.6,0.4
1994-08-22,179.712,18.5,0.4
1994-08-23,149.472,19,0.4
1994-08-24,528.768,18.2,0.4
1994-08-25,2790.72,17.9,0.4
1994-08-26,751.68,17.4,0.4
1994-08-27,578.88,17.7,0.4
1994-08-28,341.28,17.9,0.4
1994-08-29,454.464,17.1,0.4
1994-08-30,320.544,16.3,0.4
1994-08-31,279.936,15.9,0.4
1994-09-01,280.8,16.1,0.5
1994-09-02,1702.08,16,0.5
1994-09-03,2263.68,15.8,0.5
1994-09-04,749.088,15.5,0.5
1994-09-05,458.784,14.8,0.5
1994-09-06,355.968,15.5,0.5
1994-09-07,448.416,16,0.5
1994-09-08,738.72,15.8,0.5
1994-09-09,2246.4,15.2,0.5
1994-09-10,619.488,14.7,0.5
1994-09-11,426.816,14.5,0.5
1994-09-12,393.984,15.4,0.5
1994-09-13,464.832,15.3,0.5
1994-09-14,743.904,15,0.5
1994-09-15,2738.88,14.7,0.5
1994-09-16,1131.84,14.5,0.5
1994-09-17,2462.4,14.1,0.5
1994-09-18,1080,13.6,0.5
1994-09-19,767.232,11.3,0.5
1994-09-20,596.16,11.1,0.5
1994-09-21,466.56,11.2,0.5
1994-09-22,384.48,11.4,0.5
1994-09-23,324.864,11.5,0.5
1994-09-24,285.12,11.6,0.5
1994-09-25,252.288,12.2,0.5
1994-09-26,242.784,13.6,0.5
1994-09-27,248.832,14.8,0.6
1994-09-28,222.048,16,0.5
1994-09-29,202.176,16.1,0.5
1994-09-30,194.4,16.2,0.5
1994-10-01,172.8,16.6,0.5
1994-10-02,179.712,16.9,0.5
1994-10-03,252.288,15.5,0.5
1994-10-04,810.432,15.4,0.5
1994-10-05,465.696,14.9,0.5
1994-10-06,283.392,14.1,0.5
1994-10-07,234.144,13.5,0.5
1994-10-08,201.312,12.7,0.5
1994-10-09,171.936,12.1,0.5
1994-10-10,168.48,9.7,0.5
1994-10-11,167.616,9.4,0.5
1994-10-12,156.384,9.8,0.5
1994-10-13,145.152,9.9,0.5
1994-10-14,141.696,10.1,0.5
1994-10-15,138.24,10.3,0.5
1994-10-16,129.6,10,0.5
1994-10-17,135.648,11.6,0.5
1994-10-18,126.144,11.5,0.5
1994-10-19,122.688,12.2,0.5
1994-10-20,124.416,11.9,0.5
1994-10-21,122.688,12.1,0.5
1994-10-22,114.048,11.9,0.5
1994-10-23,199.584,11.7,0.5
1994-10-24,170.208,10.9,0.5
1994-10-25,162.432,10.9,0.5
1994-10-26,781.056,10.9,0.5
1994-10-27,550.368,10.7,0.5
1994-10-28,324,10.2,0.5
1994-10-29,425.952,10.1,0.5
1994-10-30,314.496,10.3,0.5
1994-10-31,247.968,10.5,0.5
1994-11-01,197.856,10.5,0.5
1994-11-02,176.256,9.3,0.5
1994-11-03,163.296,9.9,0.5
1994-11-04,151.2,9.8,0.5
1994-11-05,135.648,10.3,0.5
1994-11-06,120.096,10.1,0.5
1994-11-07,127.872,10.5,0.5
1994-11-08,124.416,10.7,0.5
1994-11-09,120.096,10.3,0.5
1994-11-10,306.72,10.4,0.5
1994-11-11,1373.76,10.1,0.5
1994-11-12,1607.04,10,0.5
1994-11-13,661.824,9.9,0.5
1994-11-14,498.528,8.9,0.4
1994-11-15,370.656,9.8,0.5
1994-11-16,392.256,9.9,0.5
1994-11-17,290.304,9.7,0.5
1994-11-18,320.544,9.5,0.5
1994-11-19,1131.84,9.4,0.5
1994-11-20,1762.56,9.7,0.5
1994-11-21,741.312,8.8,0.5
1994-11-22,474.336,8.9,0.5
1994-11-23,363.744,9,0.5
1994-11-24,299.808,8.8,0.5
1994-11-25,259.2,8.9,0.5
1994-11-26,228.096,9,0.5
1994-11-27,213.408,8.8,0.5
1994-11-28,196.128,8.5,0.5
1994-11-29,181.44,8.4,0.6
1994-11-30,167.616,7.9,0.5
1994-12-01,157.248,7.6,0.5
1994-12-02,150.336,7.2,0.5
1994-12-03,140.832,6.7,0.5
1994-12-04,129.6,6.8,0.5
1994-12-05,202.176,6.8,0.5
1994-12-06,342.144,7,0.5
1994-12-07,260.928,6.8,0.5
1994-12-08,191.808,6.8,0.5
1994-12-09,583.2,6.7,0.5
1994-12-10,4354.56,7,0.5
1994-12-11,881.28,7.5,0.5
1994-12-12,508.032,7.9,0.5
1994-12-13,380.16,7.8,0.5
1994-12-14,714.528,7.7,0.5
1994-12-15,432.864,7.4,0.5
1994-12-16,332.64,6.8,0.5
1994-12-17,281.664,6.7,0.5
1994-12-18,245.376,6.6,0.5
1994-12-19,435.456,4.5,0.5
1994-12-20,508.032,4.5,0.5
1994-12-21,378.432,4.6,0.5
1994-12-22,298.944,4.5,0.5
1994-12-23,258.336,4.6,0.5
1994-12-24,234.144,4.4,0.5
1994-12-25,209.088,4.1,0.5
1994-12-26,197.856,4,0.5
1994-12-27,398.304,4,0.5
1994-12-28,2920.32,4.4,0.5
1994-12-29,993.6,4.5,0.5
1994-12-30,1883.52,4.6,0.5
1994-12-31,1140.48,4.5,0.5
1995-01-01,851.904,4.4,0.6
1995-01-02,596.16,4.2,0.6
1995-01-03,463.104,3.8,0.6
1995-01-04,373.248,3.2,0.6
1995-01-05,301.536,2.6,0.6
1995-01-06,273.024,2.2,0.6
1995-01-07,261.792,2.4,0.6
1995-01-08,252.288,2.2,0.6
1995-01-09,230.688,1.9,0.6
1995-01-10,290.304,2.1,0.6
1995-01-11,784.512,2.2,0.6
1995-01-12,474.336,2.1,0.6
1995-01-13,344.736,2,0.6
1995-01-14,276.48,2,0.6
1995-01-15,277.344,1.9,0.6
1995-01-16,244.512,2.7,0.6
1995-01-17,235.008,2.6,0.6
1995-01-18,234.144,2.6,0.6
1995-01-19,285.12,3.1,0.6
1995-01-20,259.2,3.1,0.6
1995-01-21,271.296,3.2,0.6
1995-01-22,572.832,3.4,0.6
1995-01-23,1762.56,4.5,0.6
1995-01-24,1667.52,4.6,0.6
1995-01-25,1693.44,4.8,0.6
1995-01-26,1797.12,4.9,0.6
1995-01-27,1002.24,5,0.6
1995-01-28,660.96,4.9,0.6
1995-01-29,606.528,5.3,0.6
1995-01-30,1114.56,5.6,0.6
1995-01-31,1304.64,5.4,0.6
1995-02-01,686.88,3.7,0.4
1995-02-02,584.064,5.2,0.7
1995-02-03,546.048,5.5,0.7
1995-02-04,471.744,5.6,0.7
1995-02-05,543.456,6,0.7
1995-02-06,481.248,6.5,0.4
1995-02-07,482.112,6.4,0.7
1995-02-08,588.384,6.4,0.7
1995-02-09,889.92,6.5,0.7
1995-02-10,749.088,6.6,0.7
1995-02-11,500.256,6.8,0.7
1995-02-12,420.768,7.3,0.7
1995-02-13,397.44,7,0.7
1995-02-14,467.424,6.6,0.7
1995-02-15,392.256,6.7,0.7
1995-02-16,753.408,6.2,0.7
1995-02-17,531.36,6.5,0.7
1995-02-18,1252.8,6.7,0.7
1995-02-19,719.712,5.7,0.7
1995-02-20,600.48,6.6,0.7
1995-02-21,717.12,6.6,0.7
1995-02-22,727.488,7.3,0.7
1995-02-23,524.448,6.6,0.7
1995-02-24,476.064,5.7,0.7
1995-02-25,898.56,5.7,0.7
1995-02-26,1062.72,6.5,0.7
1995-02-27,785.376,6.2,0.7
1995-02-28,589.248,5.3,0.7
1995-03-01,543.456,5.5,0.5
1995-03-02,530.496,5.8,0.5
1995-03-03,451.872,5.8,0.5
1995-03-04,457.056,5.5,0.5
1995-03-05,387.072,5,0.5
1995-03-06,440.64,4.8,0.5
1995-03-07,380.16,4.6,0.5
1995-03-08,327.456,4.8,0.5
1995-03-09,295.488,4.8,0.5
1995-03-10,271.296,5,0.5
1995-03-11,274.752,5.2,0.5
1995-03-12,315.36,5.4,0.5
1995-03-13,383.616,5,0.5
1995-03-14,332.64,4.6,0.5
1995-03-15,282.528,4.8,0.5
1995-03-16,277.344,4.9,0.5
1995-03-17,230.688,4.9,0.5
1995-03-18,889.92,4.8,0.5
1995-03-19,1149.12,5.1,0.5
1995-03-20,1512,4.9,0.5
1995-03-21,762.912,4.4,0.5
1995-03-22,645.408,4.4,0.5
1995-03-23,614.304,4.5,0.5
1995-03-24,721.44,5.1,0.5
1995-03-25,933.12,5.1,0.5
1995-03-26,907.2,4.8,0.5
1995-03-27,797.472,5.3,0.5
1995-03-28,776.736,5.6,0.5
1995-03-29,705.888,5.2,0.5
1995-03-30,547.776,5.4,0.5
1995-03-31,477.792,5.8,0.5
1995-04-01,1149.12,5.5,0.4
1995-04-02,2669.76,5.6,0.4
1995-04-03,1745.28,5.8,0.4
1995-04-04,1520.64,6.6,0.4
1995-04-05,1408.32,7.8,0.4
1995-04-06,1391.04,7.6,0.4
1995-04-07,1054.08,7.8,0.4
1995-04-08,1140.48,7,0.4
1995-04-09,660.096,6.9,0.4
1995-04-10,491.616,6.4,0.4
1995-04-11,415.584,7.4,0.4
1995-04-12,408.672,7.8,0.4
1995-04-13,640.224,7.5,0.4
1995-04-14,424.224,7.3,0.4
1995-04-15,374.112,7,0.4
1995-04-16,353.376,7.3,0.4
1995-04-17,390.528,6,0.4
1995-04-18,364.608,6.3,0.4
1995-04-19,400.896,6.7,0.4
1995-04-20,837.216,6.2,0.4
1995-04-21,751.68,6.2,0.4
1995-04-22,872.64,6.4,0.4
1995-04-23,792.288,6.5,0.4
1995-04-24,809.568,6.7,0.4
1995-04-25,1304.64,7.3,0.4
1995-04-26,4717.44,7.3,0.4
1995-04-27,1667.52,7.5,0.4
1995-04-28,1589.76,8.4,0.4
1995-04-29,1080,8.5,0.4
1995-04-30,889.92,8.4,0.4
1995-05-01,984.96,8.4,0.4
1995-05-02,976.32,8.6,0.4
1995-05-03,743.04,9,0.4
1995-05-04,619.488,9,0.4
1995-05-05,601.344,9.2,0.4
1995-05-06,592.704,9.4,0.4
1995-05-07,549.504,9.4,0.4
1995-05-08,575.424,8.9,0.4
1995-05-09,907.2,8.5,0.4
1995-05-10,520.992,8.6,0.4
1995-05-11,396.576,9.4,0.4
1995-05-12,398.304,9.3,0.4
1995-05-13,2928.96,8.9,0.4
1995-05-14,2695.68,8.4,0.4
1995-05-15,1244.16,9.4,0.4
1995-05-16,1218.24,9.4,0.4
1995-05-17,1028.16,9.7,0.4
1995-05-18,852.768,9.3,0.4
1995-05-19,1710.72,10.1,0.4
1995-05-20,1468.8,9,0.4
1995-05-21,1296,9.7,0.4
1995-05-22,850.176,10.2,0.4
1995-05-23,647.136,11.3,0.4
1995-05-24,565.92,11.6,0.4
1995-05-25,520.128,12.7,0.4
1995-05-26,564.192,12.3,0.4
1995-05-27,578.016,11.6,0.4
1995-05-28,418.176,12.2,0.4
1995-05-29,400.896,12.8,0.4
1995-05-30,612.576,12.6,0.4
1995-05-31,2695.68,11.9,0.3
1995-06-01,8087.04,12.1,0.4
1995-06-02,5961.6,11.4,0.4
1995-06-03,1468.8,11.7,0.4
1995-06-04,1080,11.8,0.4
1995-06-05,1382.4,11.7,0.4
1995-06-06,4752,11.3,0.4
1995-06-07,3024,11,0.3
1995-06-08,1356.48,12.1,0.4
1995-06-09,1520.64,11.8,0.4
1995-06-10,1356.48,11.5,0.4
1995-06-11,3767.04,12.3,0.4
1995-06-12,1840.32,11.2,0.4
1995-06-13,1805.76,11.5,0.4
1995-06-14,2341.44,11.6,0.4
1995-06-15,1434.24,11.8,0.4
1995-06-16,959.04,12.4,0.4
1995-06-17,774.144,12.8,0.4
1995-06-18,684.288,13.3,0.4
1995-06-19,637.632,13.5,0.4
1995-06-20,575.424,14.6,0.4
1995-06-21,690.336,15.6,0.5
1995-06-22,1226.88,14.7,0.4
1995-06-23,825.984,12.7,0.4
1995-06-24,704.16,11.8,0.4
1995-06-25,619.488,12.3,0.4
1995-06-26,523.584,14.3,0.4
1995-06-27,470.016,15.4,0.4
1995-06-28,422.496,16.6,0.4
1995-06-29,388.8,17,0.4
1995-06-30,365.472,17.2,0.4
1995-07-01,359.424,17.8,0.4
1995-07-02,336.96,18.4,0.4
1995-07-03,412.128,15.9,0.4
1995-07-04,365.472,15.2,0.4
1995-07-05,340.416,15.8,0.4
1995-07-06,320.544,16.6,0.4
1995-07-07,292.896,17.8,0.4
1995-07-08,267.84,19.3,0.4
1995-07-09,242.784,21.3,0.4
1995-07-10,216,19.3,0.4
1995-07-11,213.408,18.8,0.4
1995-07-12,211.68,18.6,0.4
1995-07-13,187.488,18.7,0.4
1995-07-14,189.216,18.8,0.4
1995-07-15,228.96,18.3,0.4
1995-07-16,198.72,18.7,0.4
1995-07-17,184.032,17.8,0.4
1995-07-18,177.984,18.7,0.4
1995-07-19,154.656,19.9,0.4
1995-07-20,140.832,21,0.4
1995-07-21,135.648,21.4,0.4
1995-07-22,199.584,22.7,0.4
1995-07-23,389.664,21.3,0.4
1995-07-24,192.672,19.1,0.4
1995-07-25,196.128,20,0.4
1995-07-26,171.072,21.6,0.4
1995-07-27,152.064,21.3,0.4
1995-07-28,165.024,21,0.4
1995-07-29,288.576,21.4,0.4
1995-07-30,136.512,22.3,0.4
1995-07-31,159.84,21.6,0.4
1995-08-01,108,21.5,0.4
1995-08-02,88.128,22.4,0.4
1995-08-03,88.992,21.4,0.4
1995-08-04,84.672,22.2,0.4
1995-08-05,76.032,22.5,0.4
1995-08-06,70.848,23,0.4
1995-08-07,185.76,22,0.4
1995-08-08,587.52,20.4,0.4
1995-08-09,872.64,18.6,0.4
1995-08-10,387.936,18.5,0.4
1995-08-11,235.008,19.8,0.4
1995-08-12,425.952,20,0.4
1995-08-13,881.28,18.1,0.4
1995-08-14,1477.44,17.5,0.4
1995-08-15,1062.72,17.3,0.4
1995-08-16,458.784,14,0.4
1995-08-17,513.216,17,0.4
1995-08-18,301.536,17.2,0.4
1995-08-19,247.968,17.3,0.4
1995-08-20,239.328,16.9,0.4
1995-08-21,220.32,16.9,0.4
1995-08-22,185.76,17.5,0.4
1995-08-23,174.528,18.2,0.4
1995-08-24,291.168,17.4,0.4
1995-08-25,1114.56,17.3,0.4
1995-08-26,950.4,16.1,0.4
1995-08-27,472.608,15.7,0.4
1995-08-28,3672,14.3,0.4
1995-08-29,6626.88,12.6,0.4
1995-08-30,7015.68,11.9,0.4
1995-08-31,2790.72,11.7,0.4
1995-09-01,1503.36,11.3,0.5
1995-09-02,814.752,11.8,0.5
1995-09-03,674.784,12.6,0.5
1995-09-04,941.76,12.1,0.3
1995-09-05,609.984,11.4,0.5
1995-09-06,433.728,12.3,0.5
1995-09-07,368.064,12.5,0.5
1995-09-08,400.896,12.2,0.5
1995-09-09,372.384,12.5,0.5
1995-09-10,304.128,12.2,0.5
1995-09-11,254.016,12.6,0.5
1995-09-12,230.688,13.5,0.5
1995-09-13,226.368,13.6,0.5
1995-09-14,881.28,13.5,0.5
1995-09-15,617.76,13.3,0.5
1995-09-16,376.704,13.5,0.5
1995-09-17,369.792,14,0.5
1995-09-18,291.168,13.6,0.4
1995-09-19,253.152,13.3,0.5
1995-09-20,458.784,13.8,0.5
1995-09-21,2427.84,13.3,0.5
1995-09-22,881.28,13,0.5
1995-09-23,499.392,13,0.5
1995-09-24,372.384,13,0.5
1995-09-25,558.144,12.4,0.5
1995-09-26,457.056,12.2,0.5
1995-09-27,439.776,12.5,0.5
1995-09-28,2859.84,13,0.5
1995-09-29,993.6,11.8,0.5
1995-09-30,603.072,10.9,0.5
1995-10-01,473.472,10.7,0.5
1995-10-02,476.928,11.3,0.5
1995-10-03,355.968,11.8,0.5
1995-10-04,298.944,12.8,0.5
1995-10-05,257.472,12.7,0.5
1995-10-06,226.368,13.3,0.5
1995-10-07,208.224,13.9,0.5
1995-10-08,186.624,14.3,0.5
1995-10-09,182.304,13.7,0.5
1995-10-10,175.392,14,0.5
1995-10-11,170.208,14.1,0.5
1995-10-12,167.616,13.9,0.5
1995-10-13,162.432,14.3,0.5
1995-10-14,150.336,14.5,0.5
1995-10-15,139.968,14.7,0.5
1995-10-16,136.512,14,0.5
1995-10-17,139.104,13.6,0.5
1995-10-18,138.24,12.4,0.7
1995-10-19,135.648,13.3,0.5
1995-10-20,133.056,13.5,0.5
1995-10-21,126.144,12.9,0.5
1995-10-22,113.184,12.2,0.5
1995-10-23,116.64,11.3,0.5
1995-10-24,111.456,10.9,0.5
1995-10-25,108.864,10.9,0.5
1995-10-26,96.768,11.2,0.5
1995-10-27,89.856,11.2,0.5
1995-10-28,96.768,12.3,0.5
1995-10-29,92.448,12.5,0.5
1995-10-30,94.176,13.1,0.5
1995-10-31,122.688,13.3,0.5
1995-11-01,93.312,13.4,0.5
1995-11-02,1028.16,11.4,0.5
1995-11-03,337.824,10,0.5
1995-11-04,361.152,8,0.5
1995-11-05,300.672,6.1,0.5
1995-11-06,263.52,4.4,0.5
1995-11-07,248.832,6.3,0.5
1995-11-08,286.848,7.2,0.5
1995-11-09,301.536,7.6,0.5
1995-11-10,284.256,7.5,0.5
1995-11-11,444.96,7.6,0.5
1995-11-12,569.376,7.6,0.5
1995-11-13,387.936,7.5,0.4
1995-11-14,430.272,8.9,0.5
1995-11-15,331.776,9.2,0.5
1995-11-16,509.76,9.1,0.5
1995-11-17,1676.16,10,0.3
1995-11-18,1408.32,7.3,0.5
1995-11-19,628.128,5.4,0.5
1995-11-20,569.376,5,0.5
1995-11-21,464.832,4.1,0.5
1995-11-22,386.208,3.7,0.5
1995-11-23,402.624,5,0.5
1995-11-24,408.672,5.4,0.5
1995-11-25,358.56,4.6,0.5
1995-11-26,332.64,4.1,0.5
1995-11-27,403.488,4.8,0.5
1995-11-28,509.76,5.6,0.5
1995-11-29,647.136,6.5,0.4
1995-11-30,459.648,6.5,0.5
1995-12-01,353.376,6,0.5
1995-12-02,294.624,4.9,0.5
1995-12-03,262.656,5.4,0.5
1995-12-04,241.92,5.3,0.5
1995-12-05,218.592,4.5,0.5
1995-12-06,193.536,3.9,0.5
1995-12-07,171.936,3.2,0.7
1995-12-08,165.888,2.2,0.7
1995-12-09,152.928,2.1,0.5
1995-12-10,139.104,2.5,0.5
1995-12-11,134.784,3.1,0.5
1995-12-12,153.792,3.7,0.7
1995-12-13,144.288,3.3,0.7
1995-12-14,133.92,2.9,0.5
1995-12-15,117.504,2.4,0.5
1995-12-16,121.824,2.1,0.5
1995-12-17,123.552,2.1,0.5
1995-12-18,418.176,3.3,0.5
1995-12-19,520.128,4.3,0.5
1995-12-20,473.472,5,0.5
1995-12-21,2738.88,5.5,0.5
1995-12-22,1650.24,6,0.5
1995-12-23,1062.72,6.4,0.5
1995-12-24,1045.44,6.8,0.5
1995-12-25,5114.88,5.9,0.2
1995-12-26,2980.8,6,0.3
1995-12-27,1175.04,4.9,0.3
1995-12-28,725.76,2.9,0.5
1995-12-29,566.784,2.2,0.5
1995-12-30,499.392,3,0.5
1995-12-31,507.168,4,0.5
1996-01-01,402.624,5,0.6
1996-01-02,344.736,5.2,0.6
1996-01-03,284.256,5,0.6
1996-01-04,240.192,4.5,0.5
1996-01-05,185.76,3.3,0.5
1996-01-06,154.656,2.9,0.6
1996-01-07,138.24,3.4,0.6
1996-01-08,389.664,4.6,0.5
1996-01-09,359.424,4.5,0.4
1996-01-10,247.104,4.1,0.5
1996-01-11,260.928,4.2,0.6
1996-01-12,258.336,4.6,0.6
1996-01-13,241.92,4.9,0.6
1996-01-14,165.024,4.9,0.6
1996-01-15,128.736,4.4,0.6
1996-01-16,109.728,3.9,0.6
1996-01-17,89.856,3.6,0.6
1996-01-18,84.672,2.7,0.6
1996-01-19,72.576,2.4,0.6
1996-01-20,63.936,3.4,0.7
1996-01-21,54.432,3.3,0.6
1996-01-22,56.16,3.2,0.6
1996-01-23,55.296,2.5,0.6
1996-01-24,56.16,3,0.6
1996-01-25,54.432,3.2,0.6
1996-01-26,47.52,3.3,0.6
1996-01-27,44.928,3.3,0.8
1996-01-28,41.472,3.7,0.7
1996-01-29,39.744,4,0.6
1996-01-30,37.152,3.4,0.6
1996-01-31,33.696,3.1,0.6
1996-02-01,31.104,2.1,0.9
1996-02-02,34.56,2.7,0.7
1996-02-03,52.704,3.1,0.7
1996-02-04,36.288,3.3,0.7
1996-02-05,35.424,3,0.7
1996-02-06,27.648,1.7,0.8
1996-02-07,44.928,2.1,0.7
1996-02-08,29.376,2.1,0.7
1996-02-09,31.104,2,0.9
1996-02-10,25.056,1.8,1
1996-02-11,24.192,2.4,0.7
1996-02-12,28.512,3.1,0.7
1996-02-13,42.336,3.1,0.7
1996-02-14,42.336,1.8,0.7
1996-02-15,40.608,2.5,0.9
1996-02-16,50.112,2.4,0.8
1996-02-17,80.352,2.5,0.7
1996-02-18,94.176,3.2,0.7
1996-02-19,214.272,3.7,0.7
1996-02-20,130.464,3.7,0.7
1996-02-21,95.904,3.3,0.7
1996-02-22,63.072,2.8,0.7
1996-02-23,48.384,2.4,0.8
1996-02-24,42.336,1.9,0.8
1996-02-25,39.744,1.8,0.7
1996-02-26,46.656,2.6,0.7
1996-02-27,69.12,3,0.7
1996-02-28,85.536,3.1,0.7
1996-02-29,83.808,3.2,0.7
1996-03-01,76.896,3.1,0.8
1996-03-02,59.616,2.9,0.8
1996-03-03,48.384,2.6,0.5
1996-03-04,44.928,2.7,0.5
1996-03-05,52.704,2.2,0.5
1996-03-06,52.704,2.5,0.5
1996-03-07,41.472,3.9,0.5
1996-03-08,48.384,3.7,0.5
1996-03-09,45.792,3.7,0.5
1996-03-10,44.064,3.8,0.7
1996-03-11,40.608,3.5,0.7
1996-03-12,39.744,3,0.5
1996-03-13,37.152,2.6,0.5
1996-03-14,34.56,2.9,0.8
1996-03-15,36.288,3.8,0.8
1996-03-16,48.384,4.9,0.5
1996-03-17,64.8,5.7,0.5
1996-03-18,101.952,5.2,0.5
1996-03-19,142.56,5.1,0.5
1996-03-20,149.472,5.4,0.5
1996-03-21,317.952,5.6,0.5
1996-03-22,1347.84,5.1,0.5
1996-03-23,3948.48,5.3,0.5
1996-03-24,1494.72,6.1,0.5
1996-03-25,1149.12,6.7,0.5
1996-03-26,1166.4,6.9,0.5
1996-03-27,1339.2,6.4,0.5
1996-03-28,557.28,5.9,0.4
1996-03-29,300.672,5.8,0.5
1996-03-30,235.008,5.4,0.5
1996-03-31,182.304,5.3,0.5
1996-04-01,159.84,5,0.3
1996-04-02,155.52,6,0.4
1996-04-03,140.832,5.3,0.4
1996-04-04,120.96,5.1,0.4
1996-04-05,103.68,5.4,0.4
1996-04-06,138.24,7.2,0.4
1996-04-07,273.888,8.8,0.4
1996-04-08,368.064,9.1,0.4
1996-04-09,340.416,8.1,0.4
1996-04-10,282.528,8.1,0.4
1996-04-11,524.448,7.9,0.4
1996-04-12,819.072,7.4,0.4
1996-04-13,1209.6,7,0.3
1996-04-14,639.36,7.3,0.3
1996-04-15,345.6,7.3,0.4
1996-04-16,249.696,7.5,0.4
1996-04-17,218.592,8,0.4
1996-04-18,251.424,9,0.4
1996-04-19,276.48,9.1,0.4
1996-04-20,279.936,9.5,0.4
1996-04-21,254.88,10.4,0.4
1996-04-22,241.92,9.9,0.4
1996-04-23,280.8,10.2,0.4
1996-04-24,229.824,9.1,0.4
1996-04-25,145.152,9.3,0.4
1996-04-26,127.008,10,0.5
1996-04-27,133.056,11.4,0.4
1996-04-28,139.104,11.7,0.4
1996-04-29,145.152,10.6,0.4
1996-04-30,109.728,9.9,0.4
1996-05-01,101.088,10.7,0.4
1996-05-02,92.448,11,0.4
1996-05-03,106.272,10.4,0.5
1996-05-04,87.264,10.9,0.5
1996-05-05,82.944,11.8,0.4
1996-05-06,74.304,12.2,0.4
1996-05-07,77.76,12.8,0.4
1996-05-08,69.12,12.3,0.4
1996-05-09,117.504,11.3,0.4
1996-05-10,104.544,10.1,0.4
1996-05-11,76.032,10.4,0.5
1996-05-12,88.128,11,0.5
1996-05-13,1080,10.3,0.4
1996-05-14,399.168,10.9,0.4
1996-05-15,152.928,12.3,0.4
1996-05-16,114.048,14.2,0.4
1996-05-17,97.632,13.4,0.4
1996-05-18,73.44,13.5,0.4
1996-05-19,72.576,13.7,0.4
1996-05-20,1728,10.1,0.3
1996-05-21,1045.44,11.1,0.4
1996-05-22,542.592,11.9,0.4
1996-05-23,287.712,11.4,0.4
1996-05-24,215.136,12.7,0.4
1996-05-25,541.728,13.8,0.4
1996-05-26,1261.44,12.6,0.3
1996-05-27,1978.56,12.1,0.3
1996-05-28,2194.56,9.3,0.2
1996-05-29,603.072,11.2,0.4
1996-05-30,303.264,12.4,0.4
1996-05-31,217.728,13.8,0.5
1996-06-01,155.52,15,0.4
1996-06-02,127.872,15.3,0.4
1996-06-03,116.64,14.1,0.4
1996-06-04,109.728,13.5,0.4
1996-06-05,90.72,14.8,0.4
1996-06-06,90.72,19.1,0.6
1996-06-07,90.72,19.6,0.5
1996-06-08,63.072,20,0.4
1996-06-09,58.752,21.6,0.4
1996-06-10,52.704,20.4,0.4
1996-06-11,51.84,18.4,0.4
1996-06-12,59.616,18.6,0.4
1996-06-13,1926.72,17.8,0.4
1996-06-14,241.056,16.9,0.4
1996-06-15,123.552,17.9,0.5
1996-06-16,83.808,17.6,0.4
1996-06-17,69.984,17.3,0.4
1996-06-18,62.208,17.5,0.4
1996-06-19,55.296,17.1,0.4
1996-06-20,52.704,16.5,0.4
1996-06-21,79.488,16.4,0.4
1996-06-22,1788.48,14.1,0.4
1996-06-23,2125.44,11.7,0.4
1996-06-24,612.576,12.5,0.3
1996-06-25,295.488,12.7,0.4
1996-06-26,210.816,13.1,0.4
1996-06-27,191.808,14.1,0.4
1996-06-28,119.232,15.1,0.4
1996-06-29,87.264,16.1,0.4
1996-06-30,92.448,16,0.4
1996-07-01,450.144,12.4,0.4
1996-07-02,690.336,14,0.4
1996-07-03,572.832,14.2,0.4
1996-07-04,187.488,14.7,0.4
1996-07-05,257.472,15.1,0.4
1996-07-06,717.984,14.9,0.4
1996-07-07,292.896,13.7,0.4
1996-07-08,5477.76,11.1,0.2
1996-07-09,2661.12,11.9,0.4
1996-07-10,2272.32,12.3,0.4
1996-07-11,2712.96,13.4,0.3
1996-07-12,832.896,13.8,0.4
1996-07-13,442.368,15.2,0.4
1996-07-14,275.616,17,0.4
1996-07-15,205.632,16.5,0.4
1996-07-16,168.48,16.3,0.4
1996-07-17,136.512,16.4,0.4
1996-07-18,107.136,16.7,0.4
1996-07-19,93.312,16.7,0.4
1996-07-20,81.216,17.6,0.4
1996-07-21,66.528,18.6,0.6
1996-07-22,62.208,17.8,0.5
1996-07-23,56.16,18.3,0.4
1996-07-24,189.216,17.3,0.5
1996-07-25,72.576,18.2,0.4
1996-07-26,50.976,18.8,0.4
1996-07-27,48.384,19.9,0.4
1996-07-28,52.704,21.2,0.4
1996-07-29,54.432,19.5,0.4
1996-07-30,464.832,18.7,0.4
1996-07-31,139.968,19.7,0.4
1996-08-01,63.072,20,0.4
1996-08-02,175.392,20.6,0.4
1996-08-03,1857.6,18.1,0.3
1996-08-04,1045.44,17,0.3
1996-08-05,267.84,17.4,0.4
1996-08-06,262.656,17.9,0.4
1996-08-07,220.32,17.8,0.4
1996-08-08,248.832,18.3,0.4
1996-08-09,129.6,19.1,0.4
1996-08-10,85.536,20.4,0.5
1996-08-11,351.648,20.2,0.4
1996-08-12,1157.76,17.2,0.4
1996-08-13,495.072,16.2,0.4
1996-08-14,572.832,16.1,0.4
1996-08-15,607.392,16.3,0.4
1996-08-16,298.08,16.1,0.4
1996-08-17,162.432,16.4,0.4
1996-08-18,116.64,18.3,0.4
1996-08-19,95.04,15.2,0.4
1996-08-20,82.08,17.8,0.4
1996-08-21,88.992,17.8,0.6
1996-08-22,354.24,17.5,0.3
1996-08-23,1062.72,17.5,0.4
1996-08-24,199.584,16.9,0.4
1996-08-25,133.92,17,0.4
1996-08-26,98.496,16.3,0.4
1996-08-27,95.904,16.5,0.4
1996-08-28,1192.32,15.8,0.4
1996-08-29,385.344,14.7,0.4
1996-08-30,170.208,15,0.5
1996-08-31,123.552,15.3,0.4
1996-09-01,933.12,14.5,0.5
1996-09-02,715.392,11.7,0.3
1996-09-03,258.336,14,0.5
1996-09-04,155.52,14.7,0.5
1996-09-05,111.456,15,0.5
1996-09-06,82.08,14.8,0.5
1996-09-07,67.392,14.1,0.5
1996-09-08,54.432,13.9,0.5
1996-09-09,45.792,13.1,0.5
1996-09-10,44.064,13.3,0.5
1996-09-11,45.792,13.7,0.5
1996-09-12,41.472,14.1,0.5
1996-09-13,464.832,10.3,0.3
1996-09-14,2108.16,8.4,0.2
1996-09-15,941.76,11.6,0.5
1996-09-16,316.224,11.4,0.5
1996-09-17,186.624,10.9,0.5
1996-09-18,138.24,10.2,0.4
1996-09-19,108.864,11.6,0.5
1996-09-20,101.952,11.6,0.5
1996-09-21,92.448,11.9,0.5
1996-09-22,69.984,12.6,0.5
1996-09-23,2436.48,12.3,0.5
1996-09-24,3240,11.4,0.5
1996-09-25,693.792,10.3,0.4
1996-09-26,325.728,11.2,0.5
1996-09-27,196.992,10.6,0.5
1996-09-28,322.272,11.9,0.5
1996-09-29,182.304,11.7,0.5
1996-09-30,127.872,12.3,0.5
1996-10-01,94.176,13.3,0.5
1996-10-02,1192.32,11.9,0.5
1996-10-03,482.112,11.2,0.5
1996-10-04,225.504,10.5,0.5
1996-10-05,171.936,10.4,0.5
1996-10-06,148.608,10.4,0.5
1996-10-07,114.912,11.1,0.5
1996-10-08,95.04,11.7,0.5
1996-10-09,90.72,11.7,0.5
1996-10-10,94.176,11.8,0.5
1996-10-11,88.992,11.8,0.5
1996-10-12,75.168,11.6,0.5
1996-10-13,63.936,11.2,0.5
1996-10-14,52.704,10.7,0.6
1996-10-15,52.704,12.1,0.5
1996-10-16,533.088,13.4,0.8
1996-10-17,2928.96,9.3,0.3
1996-10-18,844.128,9.1,0.4
1996-10-19,1321.92,10.2,0.5
1996-10-20,1382.4,10.2,0.5
1996-10-21,2255.04,10.5,0.5
1996-10-22,1373.76,11.1,0.5
1996-10-23,556.416,9.9,0.5
1996-10-24,325.728,9,0.5
1996-10-25,229.824,9,0.5
1996-10-26,596.16,9.8,0.5
1996-10-27,387.072,10.3,0.5
1996-10-28,237.6,10.1,0.5
1996-10-29,265.248,10.4,0.4
1996-10-30,881.28,10,0.3
1996-10-31,301.536,8.5,0.5
1996-11-01,1028.16,9,0.5
1996-11-02,604.8,9.8,0.5
1996-11-03,284.256,9.1,0.5
1996-11-04,191.808,8.8,0.5
1996-11-05,197.856,8.6,0.5
1996-11-06,167.616,8.9,0.5
1996-11-07,200.448,9.1,0.5
1996-11-08,737.856,9.7,0.4
1996-11-09,257.472,8.5,0.5
1996-11-10,164.16,7.3,0.5
1996-11-11,131.328,7.4,0.5
1996-11-12,101.088,8.8,0.5
1996-11-13,204.768,9.3,0.5
1996-11-14,1200.96,8.7,0.5
1996-11-15,492.48,7.5,0.4
1996-11-16,351.648,7.7,0.5
1996-11-17,336.96,7.8,0.5
1996-11-18,247.968,7.5,0.5
1996-11-19,188.352,7.2,0.5
1996-11-20,155.52,6.7,0.5
1996-11-21,147.744,6.6,0.5
1996-11-22,114.912,5.6,0.5
1996-11-23,98.496,4.4,0.5
1996-11-24,105.408,3,0.5
1996-11-25,114.048,4.6,0.6
1996-11-26,650.592,5,0.5
1996-11-27,433.728,5.8,0.5
1996-11-28,279.936,5.1,0.5
1996-11-29,229.824,4.2,0.5
1996-11-30,1581.12,4,0.5
1996-12-01,950.4,4.5,0.5
1996-12-02,716.256,4.8,0.5
1996-12-03,713.664,5.4,0.5
1996-12-04,504.576,5.3,0.4
1996-12-05,415.584,4.6,0.5
1996-12-06,361.152,4.4,0.5
1996-12-07,334.368,5,0.5
1996-12-08,291.168,4,0.5
1996-12-09,251.424,4.1,0.5
1996-12-10,286.848,3.8,0.5
1996-12-11,334.368,4.5,0.5
1996-12-12,283.392,4.1,0.5
1996-12-13,304.128,4.1,0.5
1996-12-14,1140.48,5.3,0.5
1996-12-15,612.576,5.7,0.5
1996-12-16,344.736,5.3,0.5
1996-12-17,253.152,4.4,0.5
1996-12-18,448.416,5,0.5
1996-12-19,476.928,5.2,0.5
1996-12-20,631.584,5.5,0.5
1996-12-21,967.68,6.2,0.5
1996-12-22,814.752,6.4,0.5
1996-12-23,819.936,6.2,0.2
1996-12-24,1036.8,5.6,0.2
1996-12-25,467.424,4.5,0.5
1996-12-26,238.464,2.6,0.5
1996-12-27,153.792,2.1,0.5
1996-12-28,146.88,1.8,0.5
1996-12-29,117.504,1.8,0.5
1996-12-30,100.224,2,0.5
1996-12-31,95.04,0.1,0.5
1997-01-01,184.896,0.1,0.6
1997-01-02,165.888,1.9,0.6
1997-01-03,167.616,2.4,0.6
1997-01-04,162.432,2.2,0.6
1997-01-05,151.2,2.5,0.6
1997-01-06,142.56,2.9,0.6
1997-01-07,137.376,3.7,0.6
1997-01-08,132.192,3.6,0.6
1997-01-09,129.6,3.2,0.6
1997-01-10,126.144,3.1,0.6
1997-01-11,116.64,3.6,0.7
1997-01-12,103.68,2.4,0.6
1997-01-13,99.36,2.2,0.7
1997-01-14,97.632,2.5,0.6
1997-01-15,100.224,2.9,0.8
1997-01-16,103.68,1.4,0.6
1997-01-17,103.68,1.5,0.6
1997-01-18,95.04,1.5,0.6
1997-01-19,90.72,1.6,0.6
1997-01-20,107.136,2.1,0.6
1997-01-21,152.064,2.9,0.8
1997-01-22,149.472,3.3,0.6
1997-01-23,241.056,3.3,0.6
1997-01-24,304.992,3.3,0.6
1997-01-25,232.416,3.4,0.6
1997-01-26,177.984,4.2,0.6
1997-01-27,156.384,4.2,0.6
1997-01-28,148.608,4,0.6
1997-01-29,144.288,4.2,0.6
1997-01-30,139.104,4,0.6
1997-01-31,132.192,3.7,0.6
1997-02-01,114.048,3.6,0.7
1997-02-02,97.632,2.5,0.7
1997-02-03,102.816,3.8,0.7
1997-02-04,100.224,4.3,0.7
1997-02-05,116.64,4.7,0.7
1997-02-06,139.104,3.2,0.7
1997-02-07,131.328,2.9,0.7
1997-02-08,101.088,2.7,0.7
1997-02-09,92.448,2.4,0.7
1997-02-10,99.36,2.7,0.7
1997-02-11,112.32,3.3,0.7
1997-02-12,323.136,5.3,0.7
1997-02-13,394.848,4.5,0.7
1997-02-14,435.456,3.8,0.4
1997-02-15,1382.4,4.2,0.7
1997-02-16,756.864,4.3,0.7
1997-02-17,439.776,3.7,0.7
1997-02-18,356.832,3.9,0.7
1997-02-19,517.536,4.5,0.7
1997-02-20,380.16,4.7,0.5
1997-02-21,361.152,5.7,0.7
1997-02-22,325.728,6.1,0.7
1997-02-23,309.312,5.6,0.7
1997-02-24,313.632,5.6,0.7
1997-02-25,436.32,6.5,0.7
1997-02-26,1097.28,4.9,0.3
1997-02-27,689.472,5.1,0.7
1997-02-28,368.928,5.1,0.7
1997-03-01,290.304,6,0.5
1997-03-02,333.504,6.6,0.5
1997-03-03,355.104,6.6,0.5
1997-03-04,438.912,6.9,0.5
1997-03-05,498.528,7.3,0.5
1997-03-06,502.848,6.9,0.4
1997-03-07,333.504,6.6,0.5
1997-03-08,281.664,7.3,0.5
1997-03-09,249.696,8,0.5
1997-03-10,230.688,7.2,0.5
1997-03-11,240.192,7.3,0.5
1997-03-12,246.24,7.2,0.5
1997-03-13,254.88,7.3,0.5
1997-03-14,233.28,7,0.5
1997-03-15,309.312,7.5,0.5
1997-03-16,421.632,8.1,0.5
1997-03-17,356.832,8,0.5
1997-03-18,322.272,8,0.5
1997-03-19,308.448,7.8,0.5
1997-03-20,430.272,6.1,0.5
1997-03-21,304.992,5.3,0.5
1997-03-22,270.432,6.5,0.5
1997-03-23,248.832,6.8,0.5
1997-03-24,549.504,6.5,0.5
1997-03-25,622.08,7.4,0.5
1997-03-26,746.496,8.1,0.5
1997-03-27,648,8.4,0.5
1997-03-28,1304.64,8,0.5
1997-03-29,834.624,6.2,0.5
1997-03-30,555.552,6.3,0.5
1997-03-31,444.96,7.3,0.5
1997-04-01,489.024,7.7,0.4
1997-04-02,557.28,7.9,0.4
1997-04-03,584.928,7.8,0.4
1997-04-04,710.208,6.9,0.4
1997-04-05,470.88,6.5,0.4
1997-04-06,1166.4,7.2,0.3
1997-04-07,647.136,6.8,0.4
1997-04-08,438.048,6.9,0.4
1997-04-09,385.344,7.6,0.4
1997-04-10,409.536,8.5,0.6
1997-04-11,455.328,9,0.4
1997-04-12,519.264,8.4,0.4
1997-04-13,296.352,8.5,0.4
1997-04-14,253.152,8.2,0.4
1997-04-15,254.88,8.3,0.4
1997-04-16,216,8.3,0.5
1997-04-17,184.896,7.4,0.4
1997-04-18,179.712,8.2,0.4
1997-04-19,178.848,9.2,0.6
1997-04-20,297.216,9,0.4
1997-04-21,190.944,6.8,0.4
1997-04-22,177.984,7.3,0.4
1997-04-23,168.48,8.1,0.4
1997-04-24,195.264,8.4,0.4
1997-04-25,194.4,9.2,0.4
1997-04-26,498.528,9.4,0.4
1997-04-27,1710.72,8.9,0.4
1997-04-28,1200.96,9.2,0.6
1997-04-29,1909.44,9,0.4
1997-04-30,2704.32,7.5,0.3
1997-05-01,1347.84,9.1,0.4
1997-05-02,747.36,9.7,0.4
1997-05-03,605.664,10.4,0.4
1997-05-04,578.016,10.4,0.4
1997-05-05,524.448,11.1,0.4
1997-05-06,1235.52,9.3,0.4
1997-05-07,1330.56,8.5,0.4
1997-05-08,758.592,7.9,0.4
1997-05-09,606.528,8.1,0.4
1997-05-10,648.864,8,0.4
1997-05-11,563.328,9.6,0.4
1997-05-12,458.784,11.2,0.4
1997-05-13,405.216,11.1,0.4
1997-05-14,397.44,11.1,0.4
1997-05-15,396.576,11.7,0.4
1997-05-16,426.816,11.9,0.4
1997-05-17,324,12.2,0.4
1997-05-18,279.072,17.6,0.4
1997-05-19,279.072,12.3,0.4
1997-05-20,387.072,11.9,0.4
1997-05-21,632.448,11.7,0.4
1997-05-22,608.256,11.2,0.4
1997-05-23,462.24,11.4,0.4
1997-05-24,304.992,11.5,0.4
1997-05-25,268.704,12.5,0.4
1997-05-26,219.456,12.8,0.4
1997-05-27,188.352,13,0.4
1997-05-28,158.976,12.7,0.4
1997-05-29,142.56,12.9,0.4
1997-05-30,133.056,13.5,0.4
1997-05-31,123.552,13.7,0.4
1997-06-01,116.64,12.7,0.4
1997-06-02,122.688,12.7,0.4
1997-06-03,198.72,13.5,0.4
1997-06-04,210.816,13.8,0.6
1997-06-05,136.512,14.7,0.4
1997-06-06,134.784,14.7,0.4
1997-06-07,117.504,16,0.4
1997-06-08,244.512,16.9,0.4
1997-06-09,304.128,16.2,0.4
1997-06-10,149.472,19.2,0.4
1997-06-11,137.376,16.3,0.4
1997-06-12,157.248,16.9,0.4
1997-06-13,164.16,17.1,0.4
1997-06-14,187.488,17,0.4
1997-06-15,380.16,17,0.4
1997-06-16,163.296,17.2,0.4
1997-06-17,190.944,17,0.4
1997-06-18,374.976,15.4,0.4
1997-06-19,584.928,14.5,0.4
1997-06-20,1399.68,13.8,0.4
1997-06-21,518.4,14,0.4
1997-06-22,1615.68,13.8,0.4
1997-06-23,1088.64,12.1,0.3
1997-06-24,1097.28,13.4,0.4
1997-06-25,823.392,13.4,0.4
1997-06-26,477.792,13.6,0.4
1997-06-27,508.032,13.7,0.4
1997-06-28,552.096,14.2,0.4
1997-06-29,692.928,15.3,0.4
1997-06-30,1814.4,14.1,0.3
1997-07-01,711.936,14.8,0.4
1997-07-02,437.184,15.7,0.4
1997-07-03,330.048,16.2,0.4
1997-07-04,317.088,15.7,0.4
1997-07-05,2013.12,14.7,0.4
1997-07-06,5330.88,13,0.4
1997-07-07,2358.72,13.4,0.3
1997-07-08,898.56,13.6,0.4
1997-07-09,656.64,14.6,0.4
1997-07-10,580.608,15.5,0.4
1997-07-11,554.688,15.8,0.4
1997-07-12,440.64,17.2,0.4
1997-07-13,379.296,18.5,0.4
1997-07-14,336.96,16.3,0.4
1997-07-15,383.616,16.3,0.4
1997-07-16,315.36,16.7,0.4
1997-07-17,279.936,16.7,0.4
1997-07-18,2332.8,16,0.4
1997-07-19,5192.64,13.8,0.4
1997-07-20,4596.48,13.8,0.4
1997-07-21,1313.28,14.1,0.4
1997-07-22,786.24,15.1,0.4
1997-07-23,616.896,14.6,0.4
1997-07-24,526.176,15.9,0.4
1997-07-25,1650.24,16.2,0.4
1997-07-26,4579.2,14.7,0.4
1997-07-27,1149.12,15.2,0.4
1997-07-28,720.576,16.1,0.4
1997-07-29,550.368,16.5,0.4
1997-07-30,465.696,16.7,0.4
1997-07-31,418.176,16.1,0.4
1997-08-01,1546.56,14.8,0.4
1997-08-02,1036.8,14,0.4
1997-08-03,644.544,16,0.4
1997-08-04,425.952,16.9,0.4
1997-08-05,343.008,17.5,0.4
1997-08-06,362.016,17.7,0.4
1997-08-07,315.36,17.4,0.4
1997-08-08,853.632,17.5,0.4
1997-08-09,665.28,17.1,0.4
1997-08-10,366.336,17.8,0.4
1997-08-11,292.896,19,0.4
1997-08-12,235.872,18.3,0.4
1997-08-13,209.088,18.7,0.4
1997-08-14,190.08,18.5,0.4
1997-08-15,167.616,20.7,0.4
1997-08-16,147.744,21,0.4
1997-08-17,135.648,20.1,0.4
1997-08-18,133.056,18.4,0.4
1997-08-19,127.872,19,0.4
1997-08-20,119.232,19.1,0.4
1997-08-21,116.64,20,0.4
1997-08-22,108.864,19.9,0.4
1997-08-23,95.904,20.7,0.4
1997-08-24,89.856,21.9,0.4
1997-08-25,88.992,21.1,0.6
1997-08-26,156.384,19.5,0.4
1997-08-27,108.864,19.3,0.4
1997-08-28,521.856,18.1,0.7
1997-08-29,1382.4,14.7,0.4
1997-08-30,466.56,14.3,0.4
1997-08-31,655.776,15.8,0.4
1997-09-01,300.672,16.3,0.5
1997-09-02,208.224,16.6,0.5
1997-09-03,172.8,16.9,0.5
1997-09-04,157.248,17.7,0.5
1997-09-05,155.52,18.4,0.5
1997-09-06,165.024,18.9,0.5
1997-09-07,1434.24,17.7,0.5
1997-09-08,476.928,16.2,0.5
1997-09-09,275.616,16.5,0.5
1997-09-10,205.632,16.1,0.5
1997-09-11,177.12,16.9,0.5
1997-09-12,157.248,17.3,0.5
1997-09-13,771.552,16.9,0.5
1997-09-14,830.304,15,0.5
1997-09-15,321.408,20.5,0.6
1997-09-16,219.456,17.8,0.5
1997-09-17,174.528,15.1,0.6
1997-09-18,147.744,15.4,0.5
1997-09-19,130.464,15.4,0.5
1997-09-20,133.92,15.7,0.5
1997-09-21,112.32,16.1,0.5
1997-09-22,109.728,15.9,0.5
1997-09-23,111.456,15.8,0.5
1997-09-24,107.136,15.9,0.5
1997-09-25,107.136,15.1,0.5
1997-09-26,116.64,14.9,0.5
1997-09-27,99.36,15.1,0.5
1997-09-28,79.488,15.4,0.5
1997-09-29,75.168,13,0.7
1997-09-30,70.848,14.4,0.5
1997-10-01,75.168,15.9,0.8
1997-10-02,75.168,15.9,0.5
1997-10-03,75.168,16.3,0.5
1997-10-04,70.848,14.9,0.5
1997-10-05,62.208,13.9,0.5
1997-10-06,68.256,14.3,0.8
1997-10-07,73.44,15.7,0.5
1997-10-08,141.696,17.1,0.8
1997-10-09,84.672,16,0.5
1997-10-10,105.408,14.9,0.5
1997-10-11,157.248,14.3,0.5
1997-10-12,2047.68,13,0.5
1997-10-13,1702.08,11,0.5
1997-10-14,1080,10,0.5
1997-10-15,1252.8,9.5,0.5
1997-10-16,1624.32,9.9,0.5
1997-10-17,1192.32,10.2,0.5
1997-10-18,679.968,10,0.5
1997-10-19,476.928,10.2,0.5
1997-10-20,368.064,10.2,0.5
1997-10-21,297.216,10.6,0.5
1997-10-22,253.152,10.2,0.6
1997-10-23,217.728,10.4,0.5
1997-10-24,202.176,10,0.5
1997-10-25,175.392,8.9,0.5
1997-10-26,150.336,8.2,0.5
1997-10-27,134.784,8.4,0.5
1997-10-28,112.32,7.2,0.5
1997-10-29,107.136,5.6,0.5
1997-10-30,104.544,4.3,0.5
1997-10-31,101.088,4.5,0.5
1997-11-01,95.04,4.5,0.5
1997-11-02,84.672,4.6,0.5
1997-11-03,84.672,5,0.5
1997-11-04,85.536,5.5,0.5
1997-11-05,83.808,8.2,0.8
1997-11-06,77.76,7.6,0.5
1997-11-07,72.576,9.3,0.5
1997-11-08,72.576,9.7,0.5
1997-11-09,82.944,8.4,0.5
1997-11-10,84.672,6.8,0.7
1997-11-11,93.312,7.3,0.5
1997-11-12,196.992,7.7,0.8
1997-11-13,230.688,7.5,0.5
1997-11-14,144.288,7.2,0.5
1997-11-15,108,6.5,0.5
1997-11-16,139.104,6.7,0.5
1997-11-17,207.36,7.6,0.5
1997-11-18,133.056,6.7,0.6
1997-11-19,121.824,6.7,0.5
1997-11-20,123.552,6.1,0.5
1997-11-21,117.504,6.8,0.5
1997-11-22,98.496,6.3,0.5
1997-11-23,84.672,6.1,0.5
1997-11-24,88.128,5.6,0.5
1997-11-25,76.032,5.1,0.5
1997-11-26,76.896,4.6,0.5
1997-11-27,88.128,4.6,0.5
1997-11-28,70.848,5,0.5
1997-11-29,82.944,6.1,0.5
1997-11-30,90.72,6.5,0.5
1997-12-01,292.032,7,0.5
1997-12-02,343.008,6.7,0.5
1997-12-03,267.84,5.1,0.5
1997-12-04,199.584,4.2,0.5
1997-12-05,167.616,3.9,0.5
1997-12-06,144.288,3.7,0.5
1997-12-07,127.008,2.6,0.5
1997-12-08,126.144,3,0.5
1997-12-09,190.08,3.8,0.3
1997-12-10,247.104,4.8,0.5
1997-12-11,1019.52,6.3,0.5
1997-12-12,2669.76,7.5,0.5
1997-12-13,1624.32,6.4,0.5
1997-12-14,863.136,5.8,0.5
1997-12-15,592.704,4.6,0.5
1997-12-16,403.488,3.3,0.5
1997-12-17,362.016,2.4,0.5
1997-12-18,726.624,4.5,0.5
1997-12-19,1071.36,6.2,0.5
1997-12-20,881.28,6.4,0.5
1997-12-21,2315.52,6.6,0.5
1997-12-22,2263.68,6.6,0.5
1997-12-23,915.84,6.8,0.5
1997-12-24,661.824,7,0.5
1997-12-25,679.104,7.2,0.5
1997-12-26,1710.72,7.4,0.5
1997-12-27,776.736,6.7,0.5
1997-12-28,725.76,6.1,0.5
1997-12-29,547.776,5.4,0.5
1997-12-30,414.72,4.8,0.5
1997-12-31,351.648,4.8,0.5
